sku,display_category,display_name,description,unit,mrp,pack_qty,trade_min_price,source_code,page,image_src
EV-BRP-001,Blocks & Plates,Round Block,Round Block. Trade electrical accessory for wholesale and professional purchase. Pack quantity: as listed.,piece,12.0,12,11.4,D-1110,2,D-1110_Round_Block.jpg
EV-BRP-002,Blocks & Plates,Square Block,Square Block. Trade electrical accessory for wholesale and professional purchase. Pack quantity: as listed.,piece,14.0,50,13.3,D-1111,2,D-1111_Square_Block.jpg
EV-BRP-003,Blocks & Plates,Round Plate,Round Plate. Trade electrical accessory for wholesale and professional purchase. Pack quantity: as listed.,piece,12.0,60,11.4,D-1112,2,D-1112_Round_Plate_Dhiraj.jpg
EV-BRP-004,Blocks & Plates,Round Plate,Round Plate. Trade electrical accessory for wholesale and professional purchase. Pack quantity: as listed.,piece,7.5,100,7.12,D-1113,2,D-1113_Round_Plate_Manoj.jpg
EV-FRP-001,Fan & Round Plates,Round Plate Big (4x4),Round Plate Big (4x4). Trade electrical accessory for wholesale and professional purchase. Pack quantity: as listed.,piece,13.0,50,12.35,D-1114,2,D-1114_Round_Plate_Big_4x4.jpg
EV-FRP-002,Fan & Round Plates,"Round Plate (5"" X 5"")","Round Plate (5"" X 5""). Trade electrical accessory for wholesale and professional purchase. Pack quantity: as listed.",piece,26.0,40,24.7,D-1115,2,D-1115_Round_Plate_5_X_5.jpg
EV-FRP-003,Fan & Round Plates,"Fan Plate (5"" X 5"")","Fan Plate (5"" X 5""). Trade electrical accessory for wholesale and professional purchase. Pack quantity: as listed.",piece,26.0,50,24.7,D-1116,2,D-1116_Fan_Plate_5_X_5.jpg
EV-FRP-004,Fan & Round Plates,"Fan Plate (6"" X 6"")","Fan Plate (6"" X 6""). Trade electrical accessory for wholesale and professional purchase. Pack quantity: as listed.",piece,,,,D-1117,2,D-1117_Fan_Plate_6_X_6.jpg
EV-P2P-001,2-Pin Plugs,2 Pin Top,2 Pin Top. Trade electrical accessory for wholesale and professional purchase. Pack quantity: as listed.,piece,16.0,30,15.2,D-1121,2,D-1121_BRIO_2_Pin_Top.jpg
EV-P2P-002,2-Pin Plugs,2 Pin Male Female,2 Pin Male Female. Trade electrical accessory for wholesale and professional purchase. Pack quantity: as listed.,piece,32.0,30,30.4,D-1122,2,D-1122_BRIO_2_Pin_Male_Female.jpg
EV-P2P-003,2-Pin Plugs,2 Pin Top,2 Pin Top. Trade electrical accessory for wholesale and professional purchase. Pack quantity: as listed.,piece,17.0,24,16.15,D-1123,2,D-1123_ERTIGA_2_Pin_Top.jpg
EV-P2P-004,2-Pin Plugs,2 Pin Male Female,2 Pin Male Female. Trade electrical accessory for wholesale and professional purchase. Pack quantity: as listed.,piece,34.0,24,32.3,D-1124,2,D-1124_ERTIGA_2_Pin_Male_Female.jpg
EV-P2P-005,2-Pin Plugs,2 Pin Top (19.1),2 Pin Top (19.1). Trade electrical accessory for wholesale and professional purchase. Pack quantity: as listed.,piece,17.0,24,16.15,D-1125,2,D-1125_CRETA_2_Pin_Top_19_1.jpg
EV-P2P-006,2-Pin Plugs,2 Pin Male Female (19.1),2 Pin Male Female (19.1). Trade electrical accessory for wholesale and professional purchase. Pack quantity: as listed.,piece,34.0,24,32.3,D-1126,2,D-1126_CRETA_2_Pin_Male_Female_19_1.jpg
EV-P3P-001,3-Pin Plugs,6 Amp. 3 Pin Top With Indicator,6 Amp. 3 Pin Top With Indicator. Trade electrical accessory for wholesale and professional purchase. Pack quantity: as listed.,piece,70.0,20,66.5,D-1131,2,D-1131_6_Amp_3_Pin_Top_With_Indicator.jpg
EV-P3P-002,3-Pin Plugs,16 Amp. 3 Pin Top With Indicator,16 Amp. 3 Pin Top With Indicator. Trade electrical accessory for wholesale and professional purchase. Pack quantity: as listed.,piece,110.0,10,104.5,D-1132,2,D-1132_16_Amp_3_Pin_Top_With_Indicator.jpg
EV-P3P-003,3-Pin Plugs,6A. 3 Pin Top,6A. 3 Pin Top. Trade electrical accessory for wholesale and professional purchase. Pack quantity: as listed.,piece,50.0,20,47.5,D-1133,2,D-1133_NAWAB_6A_3_Pin_Top.jpg
EV-P3P-004,3-Pin Plugs,16A. 3 Pin Top,16A. 3 Pin Top. Trade electrical accessory for wholesale and professional purchase. Pack quantity: as listed.,piece,85.0,10,80.75,D-1134,2,D-1134_NAWAB_16A_3_Pin_Top.jpg
EV-P3P-005,3-Pin Plugs,6A. 3 Pin Top,6A. 3 Pin Top. Trade electrical accessory for wholesale and professional purchase. Pack quantity: as listed.,piece,44.0,20,41.8,D-1135,2,D-1135_MANOJ_6A_3_Pin_Top.jpg
EV-P3P-006,3-Pin Plugs,16A. 3 Pin Top,16A. 3 Pin Top. Trade electrical accessory for wholesale and professional purchase. Pack quantity: as listed.,piece,78.0,10,74.1,D-1136,2,D-1136_MANOJ_16A_3_Pin_Top.jpg
EV-P3P-007,3-Pin Plugs,6A. 3 Pin Top,6A. 3 Pin Top. Trade electrical accessory for wholesale and professional purchase. Pack quantity: as listed.,piece,55.0,20,52.25,D-1137,2,D-1137_BRIO_6A_3_Pin_Top.jpg
EV-P3P-008,3-Pin Plugs,16A. 3 Pin Top,16A. 3 Pin Top. Trade electrical accessory for wholesale and professional purchase. Pack quantity: as listed.,piece,90.0,10,85.5,D-1138,2,D-1138_BRIO_16A_3_Pin_Top.jpg
EV-P3P-009,3-Pin Plugs,13 AMP. 3 Pin Top Flat Pin With Fuse,13 AMP. 3 Pin Top Flat Pin With Fuse. Trade electrical accessory for wholesale and professional purchase. Pack quantity: as listed.,piece,140.0,10,133.0,D-1140,2,D-1140_13_AMP_3_Pin_Top_Flat_Pin_With_Fuse.jpg
EV-P3P-010,3-Pin Plugs,6 Amp. 3 Pin Top,6 Amp. 3 Pin Top. Trade electrical accessory for wholesale and professional purchase. Pack quantity: as listed.,piece,65.0,20,61.75,D-1142,2,D-1142_CRETA_6_Amp_3_Pin_Top.jpg
EV-P3P-011,3-Pin Plugs,16 Amp. 3 Pin Top,16 Amp. 3 Pin Top. Trade electrical accessory for wholesale and professional purchase. Pack quantity: as listed.,piece,105.0,10,99.75,D-1143,2,D-1143_CRETA_16_Amp_3_Pin_Top.jpg
EV-LHA-001,Lamp Holders & Adaptors,B. C. Parallel Adaptor,B. C. Parallel Adaptor. Trade electrical accessory for wholesale and professional purchase. Pack quantity: as listed.,piece,38.0,30,36.1,D-1151,3,D-1151_B_C_Parallel_Adaptor.jpg
EV-LHA-002,Lamp Holders & Adaptors,2 Pin Parallel Adaptor,2 Pin Parallel Adaptor. Trade electrical accessory for wholesale and professional purchase. Pack quantity: as listed.,piece,40.0,30,38.0,D-1152,3,D-1152_2_Pin_Parallel_Adaptor.jpg
EV-LHA-003,Lamp Holders & Adaptors,Baby Batten Holder,Baby Batten Holder. Trade electrical accessory for wholesale and professional purchase. Pack quantity: as listed.,piece,32.0,30,30.4,D-1153,3,D-1153_Baby_Batten_Holder.jpg
EV-LHA-004,Lamp Holders & Adaptors,Adaptor,Adaptor. Trade electrical accessory for wholesale and professional purchase. Pack quantity: as listed.,piece,27.0,30,25.65,D-1154,3,D-1154_DHIRAJ_Jumbo_Adaptor.jpg
EV-LHA-005,Lamp Holders & Adaptors,Adaptor,Adaptor. Trade electrical accessory for wholesale and professional purchase. Pack quantity: as listed.,piece,22.0,30,20.9,D-1155,3,
EV-LHA-006,Lamp Holders & Adaptors,Multi Pendent Holder,Multi Pendent Holder. Trade electrical accessory for wholesale and professional purchase. Pack quantity: as listed.,piece,50.0,30,47.5,D-1156,3,D-1156_Multi_Pendent_Holder.jpg
EV-LHA-007,Lamp Holders & Adaptors,Bc Parallel Adaptor PC,Bc Parallel Adaptor PC. Trade electrical accessory for wholesale and professional purchase. Pack quantity: as listed.,piece,27.0,30,25.65,D-1161,3,D-1161_Bc_Parallel_Adaptor_PC.jpg
EV-LHA-008,Lamp Holders & Adaptors,2 Pin Parallel Adaptor PC,2 Pin Parallel Adaptor PC. Trade electrical accessory for wholesale and professional purchase. Pack quantity: as listed.,piece,28.0,30,26.6,D-1162,3,D-1162_2_Pin_Parallel_Adaptor_PC.jpg
EV-LHA-009,Lamp Holders & Adaptors,Multi Pendent Holder,Multi Pendent Holder. Trade electrical accessory for wholesale and professional purchase. Pack quantity: as listed.,piece,32.0,30,30.4,D-1163,3,D-1163_Multi_Pendent_Holder.jpg
EV-LHA-010,Lamp Holders & Adaptors,3 Pin Parallel Adaptor,3 Pin Parallel Adaptor. Trade electrical accessory for wholesale and professional purchase. Pack quantity: as listed.,piece,40.0,30,38.0,D-1164,3,D-1164_3_Pin_Parallel_Adaptor.jpg
EV-LHA-011,Lamp Holders & Adaptors,Adaptor PC,Adaptor PC. Trade electrical accessory for wholesale and professional purchase. Pack quantity: as listed.,piece,18.0,30,17.1,D-1165,3,D-1165_DHIRAJ_Jumbo_Adaptor_PC.jpg
EV-LHA-012,Lamp Holders & Adaptors,Angle Holder With Ring,Angle Holder With Ring. Trade electrical accessory for wholesale and professional purchase. Pack quantity: as listed.,piece,25.0,20,23.75,D-1201,3,D-1201_Angle_Holder_With_Ring.jpg
EV-LHA-013,Lamp Holders & Adaptors,Batten Holder With Ring,Batten Holder With Ring. Trade electrical accessory for wholesale and professional purchase. Pack quantity: as listed.,piece,25.0,20,23.75,D-1202,3,D-1202_Batten_Holder_With_Ring.jpg
EV-LHA-014,Lamp Holders & Adaptors,4”x 4” Plate Type Angle Holder,4”x 4” Plate Type Angle Holder. Trade electrical accessory for wholesale and professional purchase. Pack quantity: as listed.,piece,48.0,10,45.6,D-1203,3,D-1203_BRIO_4_x_4_Plate_Type_Angle_Holder.jpg
EV-LHA-015,Lamp Holders & Adaptors,4”x 4” Plate Type Batten Holder,4”x 4” Plate Type Batten Holder. Trade electrical accessory for wholesale and professional purchase. Pack quantity: as listed.,piece,48.0,10,45.6,D-1204,3,D-1204_BRIO_4_x_4_Plate_Type_Batten_Holder.jpg
EV-LHA-016,Lamp Holders & Adaptors,4”x 4” Plate Type Angle Holder,4”x 4” Plate Type Angle Holder. Trade electrical accessory for wholesale and professional purchase. Pack quantity: as listed.,piece,52.0,10,49.4,D-1205,3,D-1205_BADSHAH_4_x_4_Plate_Type_Angle_Holder.jpg
EV-LHA-017,Lamp Holders & Adaptors,4”x 4” Plate Type Batten Holder,4”x 4” Plate Type Batten Holder. Trade electrical accessory for wholesale and professional purchase. Pack quantity: as listed.,piece,52.0,10,49.4,D-1206,3,D-1206_BADSHAH_4_x_4_Plate_Type_Batten_Holder.jpg
EV-LHA-018,Lamp Holders & Adaptors,4.5”x 4.5” Plate Type Angle Holder,4.5”x 4.5” Plate Type Angle Holder. Trade electrical accessory for wholesale and professional purchase. Pack quantity: as listed.,piece,56.0,10,53.2,D-1207,3,D-1207_ERTIGA_4_5_x_4_5_Plate_Type_Angle_Holder.jpg
EV-LHA-019,Lamp Holders & Adaptors,4.5”x 4.5” Plate Type Batten Holder,4.5”x 4.5” Plate Type Batten Holder. Trade electrical accessory for wholesale and professional purchase. Pack quantity: as listed.,piece,56.0,10,53.2,D-1208,3,D-1208_ERTIGA_4_5_x_4_5_Plate_Type_Batten_Holder.jpg
EV-LHA-020,Lamp Holders & Adaptors,Plate Type Concealed Angle Holder,Plate Type Concealed Angle Holder. Trade electrical accessory for wholesale and professional purchase. Pack quantity: as listed.,piece,54.0,10,51.3,D-1209,3,D-1209_XENT_Plate_Type_Concealed_Angle_Holder.jpg
EV-LHA-021,Lamp Holders & Adaptors,Plate Type Concealed Batten Holder,Plate Type Concealed Batten Holder. Trade electrical accessory for wholesale and professional purchase. Pack quantity: as listed.,piece,54.0,10,51.3,D-1210,3,D-1210_XENT_Plate_Type_Concealed_Batten_Holder.jpg
EV-LHA-022,Lamp Holders & Adaptors,NEW Angle Holder,NEW Angle Holder. Trade electrical accessory for wholesale and professional purchase. Pack quantity: as listed.,piece,38.0,20,36.1,D-1211,3,D-1211_NEW_FANCY_Angle_Holder.jpg
EV-LHA-023,Lamp Holders & Adaptors,NEW Batten Holder,NEW Batten Holder. Trade electrical accessory for wholesale and professional purchase. Pack quantity: as listed.,piece,38.0,20,36.1,D-1212,3,D-1212_NEW_FANCY_Batten_Holder.jpg
EV-LHA-024,Lamp Holders & Adaptors,Angle Holder,Angle Holder. Trade electrical accessory for wholesale and professional purchase. Pack quantity: as listed.,piece,34.0,20,32.3,D-1213,3,D-1213_FANCY_Angle_Holder.jpg
EV-LHA-025,Lamp Holders & Adaptors,Batten Holder,Batten Holder. Trade electrical accessory for wholesale and professional purchase. Pack quantity: as listed.,piece,34.0,20,32.3,D-1214,3,D-1214_FANCY_Batten_Holder.jpg
EV-LHA-026,Lamp Holders & Adaptors,Skirt Pendent Holder With Ring,Skirt Pendent Holder With Ring. Trade electrical accessory for wholesale and professional purchase. Pack quantity: as listed.,piece,22.0,20,20.9,D-1231,4,D-1231_Skirt_Pendent_Holder_With_Ring.jpg
EV-LHA-027,Lamp Holders & Adaptors,Pendent Holder BLACK With Ring,Pendent Holder BLACK With Ring. Trade electrical accessory for wholesale and professional purchase. Pack quantity: as listed.,piece,18.0,30,17.1,D-1232,4,D-1232_Pendent_Holder_BLACK_With_Ring.jpg
EV-LHA-028,Lamp Holders & Adaptors,Pendent Holder WHITE With Ring,Pendent Holder WHITE With Ring. Trade electrical accessory for wholesale and professional purchase. Pack quantity: as listed.,piece,19.0,30,18.05,D-1233,4,D-1233_Pendent_Holder_WHITE_With_Ring.jpg
EV-LHA-029,Lamp Holders & Adaptors,Skirt Pendent Holder BLACK With Ring,Skirt Pendent Holder BLACK With Ring. Trade electrical accessory for wholesale and professional purchase. Pack quantity: as listed.,piece,22.0,20,20.9,D-1234,4,D-1234_Skirt_Pendent_Holder_BLACK_With_Ring.jpg
EV-LHA-030,Lamp Holders & Adaptors,E. S. Skirt Pendent Holder,E. S. Skirt Pendent Holder. Trade electrical accessory for wholesale and professional purchase. Pack quantity: as listed.,piece,58.0,20,55.1,D-1241,4,D-1241_E_S_Skirt_Pendent_Holder.jpg
EV-LHA-031,Lamp Holders & Adaptors,E. S. Angle Holder,E. S. Angle Holder. Trade electrical accessory for wholesale and professional purchase. Pack quantity: as listed.,piece,65.0,20,61.75,D-1242,4,D-1242_E_S_Angle_Holder.jpg
EV-LHA-032,Lamp Holders & Adaptors,E. S. Batten Holder,E. S. Batten Holder. Trade electrical accessory for wholesale and professional purchase. Pack quantity: as listed.,piece,65.0,20,61.75,D-1243,4,D-1243_E_S_Batten_Holder.jpg
EV-LHA-033,Lamp Holders & Adaptors,B-22 TO E-14 Convertor,B-22 TO E-14 Convertor. Trade electrical accessory for wholesale and professional purchase. Pack quantity: as listed.,piece,38.0,25,36.1,D-1244,4,D-1244_B_22_TO_E_14_Convertor.jpg
EV-LHA-034,Lamp Holders & Adaptors,B-22 TO E-27 Convertor,B-22 TO E-27 Convertor. Trade electrical accessory for wholesale and professional purchase. Pack quantity: as listed.,piece,41.0,25,38.95,D-1245,4,D-1245_B_22_TO_E_27_Convertor.jpg
EV-LHA-035,Lamp Holders & Adaptors,E-27 TO B-22 Convertor,E-27 TO B-22 Convertor. Trade electrical accessory for wholesale and professional purchase. Pack quantity: as listed.,piece,60.0,30,57.0,D-1246,4,D-1246_E_27_TO_B_22_Convertor.jpg
EV-LHA-036,Lamp Holders & Adaptors,L Bracket Holder,L Bracket Holder. Trade electrical accessory for wholesale and professional purchase. Pack quantity: as listed.,piece,42.0,10,39.9,D-1247,4,D-1247_L_Bracket_Holder.jpg
EV-CLR-001,Ceiling Roses,RIO 3” x 3” Ceiling Rose (2 Plate),RIO 3” x 3” Ceiling Rose (2 Plate). Trade electrical accessory for wholesale and professional purchase. Pack quantity: as listed.,piece,25.0,20,23.75,D-1251,4,D-1251_RIO_3_x_3_Ceiling_Rose_2_Plate.jpg
EV-CLR-002,Ceiling Roses,RIO 3” x 3” Ceiling Rose (3 Plate),RIO 3” x 3” Ceiling Rose (3 Plate). Trade electrical accessory for wholesale and professional purchase. Pack quantity: as listed.,piece,27.0,20,25.65,D-1252,4,D-1252_RIO_3_x_3_Ceiling_Rose_3_Plate.jpg
EV-CLR-003,Ceiling Roses,4.5” x 4.5” Ceiling Rose (2 Plate),4.5” x 4.5” Ceiling Rose (2 Plate). Trade electrical accessory for wholesale and professional purchase. Pack quantity: as listed.,piece,44.0,10,41.8,D-1253,4,D-1253_BRIO_4_5_x_4_5_Ceiling_Rose_2_Plate.jpg
EV-CLR-004,Ceiling Roses,4.5” x 4.5” Ceiling Rose (3 Plate),4.5” x 4.5” Ceiling Rose (3 Plate). Trade electrical accessory for wholesale and professional purchase. Pack quantity: as listed.,piece,50.0,10,47.5,D-1254,4,D-1254_BRIO_4_5_x_4_5_Ceiling_Rose_3_Plate.jpg
EV-CLR-005,Ceiling Roses,4.5” x 4.5” Ceiling Rose (2 Plate),4.5” x 4.5” Ceiling Rose (2 Plate). Trade electrical accessory for wholesale and professional purchase. Pack quantity: as listed.,piece,48.0,10,45.6,D-1255,4,D-1255_ERTIGA_4_5_x_4_5_Ceiling_Rose_2_Plate.jpg
EV-CLR-006,Ceiling Roses,4.5” x 4.5” Ceiling Rose (3 Plate),4.5” x 4.5” Ceiling Rose (3 Plate). Trade electrical accessory for wholesale and professional purchase. Pack quantity: as listed.,piece,54.0,10,51.3,D-1256,4,D-1256_ERTIGA_4_5_x_4_5_Ceiling_Rose_3_Plate.jpg
EV-CLR-007,Ceiling Roses,Ceiling Rose (2 Plate),Ceiling Rose (2 Plate). Trade electrical accessory for wholesale and professional purchase. Pack quantity: as listed.,piece,24.0,20,22.8,D-1261,4,D-1261_KING_Ceiling_Rose_2_Plate.jpg
EV-CLR-008,Ceiling Roses,Ceiling Rose (3 Plate),Ceiling Rose (3 Plate). Trade electrical accessory for wholesale and professional purchase. Pack quantity: as listed.,piece,30.0,20,28.5,D-1262,4,D-1262_KING_Ceiling_Rose_3_Plate.jpg
EV-CLR-009,Ceiling Roses,Ceiling Rose (2 Plate),Ceiling Rose (2 Plate). Trade electrical accessory for wholesale and professional purchase. Pack quantity: as listed.,piece,31.0,20,29.45,D-1263,4,D-1263_JUMBO_Ceiling_Rose_2_Plate.jpg
EV-CLR-010,Ceiling Roses,Ceiling Rose (3 Plate),Ceiling Rose (3 Plate). Trade electrical accessory for wholesale and professional purchase. Pack quantity: as listed.,piece,37.0,20,35.15,D-1264,4,D-1264_JUMBO_Ceiling_Rose_3_Plate.jpg
EV-CLR-011,Ceiling Roses,Ceiling Rose (2 Plate),Ceiling Rose (2 Plate). Trade electrical accessory for wholesale and professional purchase. Pack quantity: as listed.,piece,24.0,20,22.8,D-1265,4,D-1265_FANCY_Ceiling_Rose_2_Plate.jpg
EV-CLR-012,Ceiling Roses,Ceiling Rose (3 Plate),Ceiling Rose (3 Plate). Trade electrical accessory for wholesale and professional purchase. Pack quantity: as listed.,piece,30.0,20,28.5,D-1266,4,D-1266_FANCY_Ceiling_Rose_3_Plate.jpg
EV-CLR-013,Ceiling Roses,Ceiling Rose (2 Plate),Ceiling Rose (2 Plate). Trade electrical accessory for wholesale and professional purchase. Pack quantity: as listed.,piece,24.0,20,22.8,D-1267,4,D-1267_BADSHAH_Ceiling_Rose_2_Plate.jpg
EV-CLR-014,Ceiling Roses,Ceiling Rose (3 Plate),Ceiling Rose (3 Plate). Trade electrical accessory for wholesale and professional purchase. Pack quantity: as listed.,piece,30.0,20,28.5,D-1268,4,D-1268_BADSHAH_Ceiling_Rose_3_Plate.jpg
EV-CLR-015,Ceiling Roses,Ceiling Rose (2 Plate),Ceiling Rose (2 Plate). Trade electrical accessory for wholesale and professional purchase. Pack quantity: as listed.,piece,31.0,20,29.45,D-1269,4,D-1269_BADSHAH_JUMBO_Ceiling_Rose_2_Plate.jpg
EV-CLR-016,Ceiling Roses,Ceiling Rose (3 Plate),Ceiling Rose (3 Plate). Trade electrical accessory for wholesale and professional purchase. Pack quantity: as listed.,piece,37.0,20,35.15,D-1270,4,D-1270_BADSHAH_JUMBO_Ceiling_Rose_3_Plate.jpg
EV-CNV-001,Converters,2 Pin Conversion Plug,2 Pin Conversion Plug. Trade electrical accessory for wholesale and professional purchase. Pack quantity: as listed.,piece,16.0,30,15.2,D-1301,5,D-1301_2_Pin_Conversion_Plug.jpg
EV-CNV-002,Converters,2 in 1 Conversion Plug,2 in 1 Conversion Plug. Trade electrical accessory for wholesale and professional purchase. Pack quantity: as listed.,piece,17.0,30,16.15,D-1302,5,D-1302_2_in_1_Conversion_Plug.jpg
EV-MPL-001,Multi Plugs,EURO 6A.3 Pin Conversion Plug,EURO 6A.3 Pin Conversion Plug. Trade electrical accessory for wholesale and professional purchase. Pack quantity: as listed.,piece,42.0,20,39.9,D-1304,5,D-1304_EURO_6A_3_Pin_Conversion_Plug.jpg
EV-MPL-002,Multi Plugs,EURO 13A.3 Pin Conversion Plug,EURO 13A.3 Pin Conversion Plug. Trade electrical accessory for wholesale and professional purchase. Pack quantity: as listed.,piece,65.0,20,61.75,D-1305,5,D-1305_EURO_13A_3_Pin_Conversion_Plug.jpg
EV-MPL-003,Multi Plugs,EURO 6 & 16A. 3 Pin Multi Plug,EURO 6 & 16A. 3 Pin Multi Plug. Trade electrical accessory for wholesale and professional purchase. Pack quantity: as listed.,piece,90.0,10,85.5,D-1306,5,D-1306_EURO_6_16A_3_Pin_Multi_Plug.jpg
EV-MPL-004,Multi Plugs,PRINCE 3 Pin Multi Plug,PRINCE 3 Pin Multi Plug. Trade electrical accessory for wholesale and professional purchase. Pack quantity: as listed.,piece,55.0,10,52.25,D-1307,5,D-1307_PRINCE_3_Pin_Multi_Plug.jpg
EV-MPL-005,Multi Plugs,3 Pin Multi Plug,3 Pin Multi Plug. Trade electrical accessory for wholesale and professional purchase. Pack quantity: as listed.,piece,54.0,10,51.3,D-1308,5,D-1308_MANOJ_3_Pin_Multi_Plug.jpg
EV-MPL-006,Multi Plugs,CLASSIC 10 3 Pin Multi Plug,CLASSIC 10 3 Pin Multi Plug. Trade electrical accessory for wholesale and professional purchase. Pack quantity: as listed.,piece,54.0,10,51.3,D-1309,5,D-1309_CLASSIC_10_3_Pin_Multi_Plug.jpg
EV-MPL-007,Multi Plugs,CLASSIC 20 3 Pin Multi Plug,CLASSIC 20 3 Pin Multi Plug. Trade electrical accessory for wholesale and professional purchase. Pack quantity: as listed.,piece,54.0,10,51.3,D-1310,5,D-1310_CLASSIC_20_3_Pin_Multi_Plug.jpg
EV-MPL-008,Multi Plugs,CLASSIC 30 3 Pin Multi Plug,CLASSIC 30 3 Pin Multi Plug. Trade electrical accessory for wholesale and professional purchase. Pack quantity: as listed.,piece,54.0,10,51.3,D-1311,5,D-1311_CLASSIC_30_3_Pin_Multi_Plug.jpg
EV-MPL-009,Multi Plugs,3 Pin Multi Plug (with Indicator),3 Pin Multi Plug (with Indicator). Trade electrical accessory for wholesale and professional purchase. Pack quantity: as listed.,piece,64.0,10,60.8,D-1312,5,D-1312_MANOJ_3_Pin_Multi_Plug_with_Indicator.jpg
EV-MPL-010,Multi Plugs,I 30 3 Pin Multi Plug,I 30 3 Pin Multi Plug. Trade electrical accessory for wholesale and professional purchase. Pack quantity: as listed.,piece,55.0,10,52.25,D-1313,5,D-1313_I_30_3_Pin_Multi_Plug.jpg
EV-MPL-011,Multi Plugs,3 Pin Multi Plug With Indicator,3 Pin Multi Plug With Indicator. Trade electrical accessory for wholesale and professional purchase. Pack quantity: as listed.,piece,110.0,10,104.5,D-1314,5,D-1314_BRIO_3_Pin_Multi_Plug_With_Indicator.jpg
EV-MPL-012,Multi Plugs,3 Pin Multi Plug,3 Pin Multi Plug. Trade electrical accessory for wholesale and professional purchase. Pack quantity: as listed.,piece,75.0,10,71.25,D-1315,5,D-1315_NAWAB_3_Pin_Multi_Plug.jpg
EV-MPL-013,Multi Plugs,3 Pin World Adaptor/Universal,3 Pin World Adaptor/Universal. Trade electrical accessory for wholesale and professional purchase. Pack quantity: as listed.,piece,160.0,10,152.0,D-1316,5,D-1316_3_Pin_World_Adaptor_Universal.jpg
EV-MPL-014,Multi Plugs,13 Amp. 3 Pin International Multi Plug,13 Amp. 3 Pin International Multi Plug. Trade electrical accessory for wholesale and professional purchase. Pack quantity: as listed.,piece,150.0,10,142.5,D-1319,5,D-1319_13_Amp_3_Pin_International_Multi_Plug.jpg
EV-MPL-015,Multi Plugs,6 Amp. to 16 Amp. Multi Plug,6 Amp. to 16 Amp. Multi Plug. Trade electrical accessory for wholesale and professional purchase. Pack quantity: as listed.,piece,54.0,10,51.3,D-1320,5,D-1320_6_Amp_to_16_Amp_Multi_Plug.jpg
EV-MPL-016,Multi Plugs,6 Amp. to 16 Amp. Convertor Multi Plug With Indicator,6 Amp. to 16 Amp. Convertor Multi Plug With Indicator. Trade electrical accessory for wholesale and professional purchase. Pack quantity: as listed.,piece,70.0,10,66.5,D-1321,5,D-1321_6_Amp_to_16_Amp_Convertor_Multi_Plug_With_Indicator.jpg
EV-MPL-017,Multi Plugs,6 Amp. to 16 Amp. Multi Plug,6 Amp. to 16 Amp. Multi Plug. Trade electrical accessory for wholesale and professional purchase. Pack quantity: as listed.,piece,110.0,10,104.5,D-1322,5,D-1322_CRETA_6_Amp_to_16_Amp_Multi_Plug.jpg
EV-MPL-018,Multi Plugs,13 Amp. Multi Plug,13 Amp. Multi Plug. Trade electrical accessory for wholesale and professional purchase. Pack quantity: as listed.,piece,130.0,10,123.5,D-1323,5,D-1323_CRETA_13_Amp_Multi_Plug.jpg
EV-MPL-019,Multi Plugs,16 Amp. International Multi Plug,16 Amp. International Multi Plug. Trade electrical accessory for wholesale and professional purchase. Pack quantity: as listed.,piece,140.0,10,133.0,D-1324,5,D-1324_16_Amp_International_Multi_Plug.jpg
EV-MPL-020,Multi Plugs,6 Amp. to 16 Amp. 3 Pin Multi Plug,6 Amp. to 16 Amp. 3 Pin Multi Plug. Trade electrical accessory for wholesale and professional purchase. Pack quantity: as listed.,piece,80.0,10,76.0,D-1325,5,D-1325_6_Amp_to_16_Amp_3_Pin_Multi_Plug.jpg
EV-MCB-001,MCB & Junction Boxes,1/2 MCB Junction Box,1/2 MCB Junction Box. Trade electrical accessory for wholesale and professional purchase. Pack quantity: as listed.,piece,46.0,10,43.7,D-1351,6,D-1351_1_2_MCB_Junction_Box.jpg
EV-MCB-002,MCB & Junction Boxes,1/2 MCB Junction Box Metal Plate,1/2 MCB Junction Box Metal Plate. Trade electrical accessory for wholesale and professional purchase. Pack quantity: as listed.,piece,48.0,10,45.6,D-1352,6,
EV-MCB-003,MCB & Junction Boxes,3/4 MCB Junction Box,3/4 MCB Junction Box. Trade electrical accessory for wholesale and professional purchase. Pack quantity: as listed.,piece,80.0,5,76.0,D-1353,6,D-1353_3_4_MCB_Junction_Box.jpg
EV-MCB-004,MCB & Junction Boxes,3/4 MCB Junction Box Metal Plate,3/4 MCB Junction Box Metal Plate. Trade electrical accessory for wholesale and professional purchase. Pack quantity: as listed.,piece,90.0,5,85.5,D-1354,6,
EV-MCB-005,MCB & Junction Boxes,5/6 MCB Junction Box,5/6 MCB Junction Box. Trade electrical accessory for wholesale and professional purchase. Pack quantity: as listed.,piece,105.0,5,99.75,D-1355,6,D-1355_5_6_MCB_Junction_Box.jpg
EV-MCB-006,MCB & Junction Boxes,5/6 MCB Junction Box Metal Plate,5/6 MCB Junction Box Metal Plate. Trade electrical accessory for wholesale and professional purchase. Pack quantity: as listed.,piece,125.0,5,118.75,D-1356,6,
EV-CON-001,Connectors,6A. Strip Connector,6A. Strip Connector. Trade electrical accessory for wholesale and professional purchase. Pack quantity: as listed.,piece,,30,,D-1401,6,D-1401_6A_Strip_Connector.jpg
EV-CON-002,Connectors,10A. Strip Connector,10A. Strip Connector. Trade electrical accessory for wholesale and professional purchase. Pack quantity: as listed.,piece,,30,,D-1402,6,
EV-CON-003,Connectors,16A. Strip Connector,16A. Strip Connector. Trade electrical accessory for wholesale and professional purchase. Pack quantity: as listed.,piece,,25,,D-1403,6,
EV-CON-004,Connectors,32A. Strip Connector,32A. Strip Connector. Trade electrical accessory for wholesale and professional purchase. Pack quantity: as listed.,piece,,10,,D-1404,6,
EV-CON-005,Connectors,CH2 Connector,CH2 Connector. Trade electrical accessory for wholesale and professional purchase. Pack quantity: as listed.,piece,3.0,1000,2.85,D-1405,6,D-1405_CH2_Connector.jpg
EV-CON-006,Connectors,Iron Connector,Iron Connector. Trade electrical accessory for wholesale and professional purchase. Pack quantity: as listed.,piece,140.0,10,133.0,D-1421,6,D-1421_Iron_Connector.jpg
EV-CON-007,Connectors,Kettle Connector,Kettle Connector. Trade electrical accessory for wholesale and professional purchase. Pack quantity: as listed.,piece,165.0,10,156.75,D-1422,6,D-1422_Kettle_Connector.jpg
EV-CON-008,Connectors,Roter Holder,Roter Holder. Trade electrical accessory for wholesale and professional purchase. Pack quantity: as listed.,piece,15.0,48,14.25,D-1423,6,D-1423_Roter_Holder.jpg
EV-JRB-001,Junction & Rosette Boxes,Rossette Box 1 Line,Rossette Box 1 Line. Trade electrical accessory for wholesale and professional purchase. Pack quantity: as listed.,piece,24.0,20,22.8,D-1431,6,D-1431_Rossette_Box_1_Line.jpg
EV-JRB-002,Junction & Rosette Boxes,Rossette Box Duplex 1 Line,Rossette Box Duplex 1 Line. Trade electrical accessory for wholesale and professional purchase. Pack quantity: as listed.,piece,36.0,20,34.2,D-1432,6,D-1432_Rossette_Box_Duplex_1_Line.jpg
EV-JRB-003,Junction & Rosette Boxes,32 A. Main D. P. Switch with Key Tag,32 A. Main D. P. Switch with Key Tag. Trade electrical accessory for wholesale and professional purchase. Pack quantity: as listed.,piece,350.0,10,332.5,D-1433,6,D-1433_32_A_Main_D_P_Switch_with_Key_Tag.jpg
EV-JRB-004,Junction & Rosette Boxes,Key Tag Only with Ring,Key Tag Only with Ring. Trade electrical accessory for wholesale and professional purchase. Pack quantity: as listed.,piece,48.0,50,45.6,D-1434,6,D-1434_Key_Tag_Only_with_Ring.jpg
EV-SWA-001,Switches & Accessories,Bed Switch 1 Way,Bed Switch 1 Way. Trade electrical accessory for wholesale and professional purchase. Pack quantity: as listed.,piece,,20,,D-1441,6,D-1441_Bed_Switch_1_Way.jpg
EV-SWA-002,Switches & Accessories,Bed Switch 2 Way,Bed Switch 2 Way. Trade electrical accessory for wholesale and professional purchase. Pack quantity: as listed.,piece,,20,,D-1442,6,D-1442_Bed_Switch_2_Way.jpg
EV-SWA-003,Switches & Accessories,Hanging Bell Push,Hanging Bell Push. Trade electrical accessory for wholesale and professional purchase. Pack quantity: as listed.,piece,,20,,D-1443,6,D-1443_Hanging_Bell_Push.jpg
EV-SWA-004,Switches & Accessories,Cord Through Bed Switch,Cord Through Bed Switch. Trade electrical accessory for wholesale and professional purchase. Pack quantity: as listed.,piece,,20,,D-1444,6,D-1444_Cord_Through_Bed_Switch.jpg
EV-SWA-005,Switches & Accessories,Patti Stand,Patti Stand. Trade electrical accessory for wholesale and professional purchase. Pack quantity: as listed.,piece,1.0,50,0.95,D-1451,6,D-1451_Patti_Stand_King.jpg
EV-SWA-006,Switches & Accessories,Patti Stand,Patti Stand. Trade electrical accessory for wholesale and professional purchase. Pack quantity: as listed.,piece,1.0,50,0.95,D-1452,6,D-1452_Patti_Stand_Badshah.jpg
EV-SWA-007,Switches & Accessories,Patti Stand,Patti Stand. Trade electrical accessory for wholesale and professional purchase. Pack quantity: as listed.,piece,1.0,50,0.95,D-1453,6,D-1453_Patti_Stand_NAWAB.jpg
EV-SWA-008,Switches & Accessories,5A. Square Safety Cover,5A. Square Safety Cover. Trade electrical accessory for wholesale and professional purchase. Pack quantity: as listed.,piece,4.5,100,4.27,D-1454,7,D-1454_5A_Square_Safety_Cover.jpg
EV-SWA-009,Switches & Accessories,15A. Square Safety Cover,15A. Square Safety Cover. Trade electrical accessory for wholesale and professional purchase. Pack quantity: as listed.,piece,5.5,50,5.22,D-1455,7,D-1455_15A_Square_Safety_Cover.jpg
EV-SWA-010,Switches & Accessories,5A. Safety Cover,5A. Safety Cover. Trade electrical accessory for wholesale and professional purchase. Pack quantity: as listed.,piece,4.0,100,3.8,D-1456,7,D-1456_5A_Safety_Cover.jpg
EV-SWA-011,Switches & Accessories,15A. Safety Cover,15A. Safety Cover. Trade electrical accessory for wholesale and professional purchase. Pack quantity: as listed.,piece,5.0,100,4.75,D-1457,7,D-1457_15A_Safety_Cover.jpg
EV-BEL-001,Bells,Parrot Bell,Parrot Bell. Trade electrical accessory for wholesale and professional purchase. Pack quantity: as listed.,piece,160.0,10,152.0,D-1461,7,D-1461_KING_Parrot_Bell.jpg
EV-BEL-002,Bells,Parrot Bell,Parrot Bell. Trade electrical accessory for wholesale and professional purchase. Pack quantity: as listed.,piece,170.0,10,161.5,D-1462,7,D-1462_BADSHAH_Parrot_Bell.jpg
EV-BEL-003,Bells,BOSS Parrot Bell,BOSS Parrot Bell. Trade electrical accessory for wholesale and professional purchase. Pack quantity: as listed.,piece,200.0,5,190.0,D-1463,7,D-1463_BOSS_Parrot_Bell.jpg
EV-BEL-004,Bells,MOUSE Parrot Bell,MOUSE Parrot Bell. Trade electrical accessory for wholesale and professional purchase. Pack quantity: as listed.,piece,160.0,10,152.0,D-1464,7,D-1464_MOUSE_Parrot_Bell.jpg
EV-BEL-005,Bells,LOVE BIRD Parrot Bell,LOVE BIRD Parrot Bell. Trade electrical accessory for wholesale and professional purchase. Pack quantity: as listed.,piece,165.0,10,156.75,D-1466,7,D-1466_LOVE_BIRD_Parrot_Bell.jpg
EV-BEL-006,Bells,Parrot Bell,Parrot Bell. Trade electrical accessory for wholesale and professional purchase. Pack quantity: as listed.,piece,170.0,10,161.5,D-1467,7,D-1467_VIVO_Parrot_Bell.jpg
EV-BEL-007,Bells,All Voice Bell,All Voice Bell. Trade electrical accessory for wholesale and professional purchase. Pack quantity: as listed.,piece,260.0,5,247.0,D-1471,7,D-1471_BADSHAH_All_Voice_Bell.jpg
EV-BEL-008,Bells,All Voice Bell (O.N.S.) (G.M.) (Church) (Azan) (Aslam Walekum) (P.O.D) (Religious),All Voice Bell (O.N.S.) (G.M.) (Church) (Azan) (Aslam Walekum) (P.O.D) (Religious). Trade electrical accessory for wholesale and professional purchase. Pack quantity: as listed.,piece,300.0,10,285.0,D-1472,7,D-1472_VIVO_All_Voice_Bell_O_N_S_G_M_Church_Azan_Aslam_Walekum_P_O_D_Religious.jpg
EV-BEL-009,Bells,Ding Dong Bell,Ding Dong Bell. Trade electrical accessory for wholesale and professional purchase. Pack quantity: as listed.,piece,200.0,5,190.0,D-1481,7,D-1481_BRIO_Ding_Dong_Bell.jpg
EV-BEL-010,Bells,Ding Dong Bell,Ding Dong Bell. Trade electrical accessory for wholesale and professional purchase. Pack quantity: as listed.,piece,204.0,5,193.8,D-1482,7,D-1482_VIVO_Ding_Dong_Bell.jpg
EV-BEL-011,Bells,Ding Dong Bell,Ding Dong Bell. Trade electrical accessory for wholesale and professional purchase. Pack quantity: as listed.,piece,204.0,5,193.8,D-1483,7,D-1483_OPPO_Ding_Dong_Bell.jpg
EV-SSC-001,Switch & Socket Combinations,16 Amp. 1 Way Switch,16 Amp. 1 Way Switch. Trade electrical accessory for wholesale and professional purchase. Pack quantity: as listed.,piece,80.0,10,76.0,D-1491,7,D-1491_16_Amp_1_Way_Switch.jpg
EV-SSC-002,Switch & Socket Combinations,6&16 Amp. Socket,6&16 Amp. Socket. Trade electrical accessory for wholesale and professional purchase. Pack quantity: as listed.,piece,95.0,10,90.25,D-1492,7,D-1492_6_16_Amp_Socket.jpg
EV-SSC-003,Switch & Socket Combinations,6 Amp. Switch & Socket With Junction Box,6 Amp. Switch & Socket With Junction Box. Trade electrical accessory for wholesale and professional purchase. Pack quantity: as listed.,piece,120.0,10,114.0,D-1493,7,D-1493_6_Amp_Switch_Socket_With_Junction_Box.jpg
EV-SSC-004,Switch & Socket Combinations,3 in 1 Switch Socket With Box 16A,3 in 1 Switch Socket With Box 16A. Trade electrical accessory for wholesale and professional purchase. Pack quantity: as listed.,piece,170.0,5,161.5,D-1494,7,D-1494_3_in_1_Switch_Socket_With_Box_16A.jpg
EV-SSC-005,Switch & Socket Combinations,5 in 1 Switch Socket With Box 16A,5 in 1 Switch Socket With Box 16A. Trade electrical accessory for wholesale and professional purchase. Pack quantity: as listed.,piece,245.0,5,232.75,D-1495,7,D-1495_5_in_1_Switch_Socket_With_Box_16A.jpg
EV-SSC-006,Switch & Socket Combinations,6A. 8 In 1 Double S. S. Comb. With Indicator & Junction Box,6A. 8 In 1 Double S. S. Comb. With Indicator & Junction Box. Trade electrical accessory for wholesale and professional purchase. Pack quantity: as listed.,piece,230.0,5,218.5,D-1496,7,D-1496_6A_8_In_1_Double_S_S_Comb_With_Indicator_Junction_Box.jpg
EV-SSC-007,Switch & Socket Combinations,6A. 10 in 1 Double S. S. Comb. With Indicator & Junction Box,6A. 10 in 1 Double S. S. Comb. With Indicator & Junction Box. Trade electrical accessory for wholesale and professional purchase. Pack quantity: as listed.,piece,250.0,5,237.5,D-1497,8,D-1497_6A_10_in_1_Double_S_S_Comb_With_Indicator_Junction_Box.jpg
EV-SSC-008,Switch & Socket Combinations,6A.&16A. 8 in 1 Double S. S. Combined With Indicator & J. Box,6A.&16A. 8 in 1 Double S. S. Combined With Indicator & J. Box. Trade electrical accessory for wholesale and professional purchase. Pack quantity: as listed.,piece,350.0,5,332.5,D-1498,8,D-1498_6A_16A_8_in_1_Double_S_S_Combined_With_Indicator_J_Box.jpg
EV-SSC-009,Switch & Socket Combinations,D. P. Switch,D. P. Switch. Trade electrical accessory for wholesale and professional purchase. Pack quantity: as listed.,piece,195.0,5,185.25,D-1499,8,D-1499_Surface_D_P_Switch.jpg
EV-BOX-001,Boxes & Enclosures,4 X 4 Camera Box,4 X 4 Camera Box. Trade electrical accessory for wholesale and professional purchase. Pack quantity: as listed.,piece,38.0,20,36.1,D-1501,8,D-1501_BRIO_4_X_4_Camera_Box.jpg
EV-BOX-002,Boxes & Enclosures,4 X 4 Camera Box,4 X 4 Camera Box. Trade electrical accessory for wholesale and professional purchase. Pack quantity: as listed.,piece,52.0,10,49.4,D-1502,8,
EV-BOX-003,Boxes & Enclosures,5 X 5 Camera Box,5 X 5 Camera Box. Trade electrical accessory for wholesale and professional purchase. Pack quantity: as listed.,piece,50.0,10,47.5,D-1503,8,D-1503_BRIO_5_X_5_Camera_Box.jpg
EV-PWR-001,Power Strips,Powerstrip 1.25M (1 + 4),Powerstrip 1.25M (1 + 4). Trade electrical accessory for wholesale and professional purchase. Pack quantity: as listed.,piece,290.0,10,275.5,D-1515,8,
EV-PWR-002,Power Strips,Powerstrip 5Y (1 + 4),Powerstrip 5Y (1 + 4). Trade electrical accessory for wholesale and professional purchase. Pack quantity: as listed.,piece,360.0,10,342.0,D-1516,8,
EV-PWR-003,Power Strips,Powerstrip 1.25M (4 + 4),Powerstrip 1.25M (4 + 4). Trade electrical accessory for wholesale and professional purchase. Pack quantity: as listed.,piece,330.0,10,313.5,D-1517,8,D-1517_MANOJ_Powerstrip_1_25M_4_4.jpg
EV-PWR-004,Power Strips,Powerstrip 5Y (4 + 4),Powerstrip 5Y (4 + 4). Trade electrical accessory for wholesale and professional purchase. Pack quantity: as listed.,piece,410.0,10,389.5,D-1518,8,
EV-PWR-005,Power Strips,Powerstrip 2Y (1 + 4),Powerstrip 2Y (1 + 4). Trade electrical accessory for wholesale and professional purchase. Pack quantity: as listed.,piece,360.0,5,342.0,D-1522,8,
EV-PWR-006,Power Strips,Powerstrip 5Y (1 + 4),Powerstrip 5Y (1 + 4). Trade electrical accessory for wholesale and professional purchase. Pack quantity: as listed.,piece,480.0,5,456.0,D-1523,8,
EV-PWR-007,Power Strips,Powerstrip 2Y (1 + 4),Powerstrip 2Y (1 + 4). Trade electrical accessory for wholesale and professional purchase. Pack quantity: as listed.,piece,425.0,10,403.75,D-1527,8,
EV-PWR-008,Power Strips,Powerstrip 5Y (1 + 4),Powerstrip 5Y (1 + 4). Trade electrical accessory for wholesale and professional purchase. Pack quantity: as listed.,piece,525.0,10,498.75,D-1528,8,
EV-PWR-009,Power Strips,Powerstrip 8Y (1 + 4),Powerstrip 8Y (1 + 4). Trade electrical accessory for wholesale and professional purchase. Pack quantity: as listed.,piece,650.0,10,617.5,D-1529,8,
EV-PWR-010,Power Strips,Powerstrip 2Y (4 + 4),Powerstrip 2Y (4 + 4). Trade electrical accessory for wholesale and professional purchase. Pack quantity: as listed.,piece,575.0,10,546.25,D-1530,8,
EV-PWR-011,Power Strips,Powerstrip 5Y (4 + 4),Powerstrip 5Y (4 + 4). Trade electrical accessory for wholesale and professional purchase. Pack quantity: as listed.,piece,725.0,10,688.75,D-1531,8,
EV-PWR-012,Power Strips,Powerstrip 8Y (4 + 4),Powerstrip 8Y (4 + 4). Trade electrical accessory for wholesale and professional purchase. Pack quantity: as listed.,piece,975.0,10,926.25,D-1532,8,
EV-PWR-013,Power Strips,15 Amp. Powerstrip 2M,15 Amp. Powerstrip 2M. Trade electrical accessory for wholesale and professional purchase. Pack quantity: as listed.,piece,1050.0,4,997.5,D-1536,9,D-1536_15_Amp_Powerstrip_2M.jpg
EV-PWR-014,Power Strips,15 Amp. Powerstrip 5M,15 Amp. Powerstrip 5M. Trade electrical accessory for wholesale and professional purchase. Pack quantity: as listed.,piece,1400.0,4,1330.0,D-1537,9,D-1537_15_Amp_Powerstrip_5M.jpg
EV-PWR-015,Power Strips,Power Strip,Power Strip. Trade electrical accessory for wholesale and professional purchase. Pack quantity: as listed.,piece,,,,D-1538,9,
EV-FLX-001,Flex Boxes,TRIO 2 Pin 4 Mtrs.,TRIO 2 Pin 4 Mtrs.. Trade electrical accessory for wholesale and professional purchase. Pack quantity: as listed.,piece,300.0,5,285.0,D-1557,9,
EV-FLX-002,Flex Boxes,TRIO 2 Pin 7 Mtrs.,TRIO 2 Pin 7 Mtrs.. Trade electrical accessory for wholesale and professional purchase. Pack quantity: as listed.,piece,360.0,5,342.0,D-1558,9,
EV-FLX-003,Flex Boxes,TRIO 3 Pin 4 Mtrs.,TRIO 3 Pin 4 Mtrs.. Trade electrical accessory for wholesale and professional purchase. Pack quantity: as listed.,piece,360.0,5,342.0,D-1559,9,D-1559_TRIO_3_Pin_4_Mtrs.jpg
EV-FLX-004,Flex Boxes,3 x 9 Meter Flex Box,3 x 9 Meter Flex Box. Trade electrical accessory for wholesale and professional purchase. Pack quantity: as listed.,piece,680.0,5,646.0,D-1563,9,D-1563_3_x_9_Meter_Flex_Box_Badshah.jpg
EV-FLX-005,Flex Boxes,15A. Flex Box,15A. Flex Box. Trade electrical accessory for wholesale and professional purchase. Pack quantity: as listed.,piece,900.0,3,855.0,D-1564,9,D-1564_15A_Flex_Box.jpg
EV-FTL-001,Foot Lights,1 Module Foot Light ® Type,1 Module Foot Light ® Type. Trade electrical accessory for wholesale and professional purchase. Pack quantity: as listed.,piece,80.0,20,76.0,D-1581,9,D-1581_1_Module_Foot_Light_Type.jpg
EV-FTL-002,Foot Lights,2 Module Foot Light ® Type,2 Module Foot Light ® Type. Trade electrical accessory for wholesale and professional purchase. Pack quantity: as listed.,piece,90.0,10,85.5,D-1582,9,D-1582_2_Module_Foot_Light_Type.jpg
EV-FTL-003,Foot Lights,3 Module Foot Light ® Type,3 Module Foot Light ® Type. Trade electrical accessory for wholesale and professional purchase. Pack quantity: as listed.,piece,100.0,10,95.0,D-1583,9,D-1583_3_Module_Foot_Light_Type.jpg
EV-FTL-004,Foot Lights,2 Module Foot Light ® Type Round,2 Module Foot Light ® Type Round. Trade electrical accessory for wholesale and professional purchase. Pack quantity: as listed.,piece,100.0,20,95.0,D-1584,9,D-1584_2_Module_Foot_Light_Type_Round.jpg
EV-FTL-005,Foot Lights,2 Module Foot Light Type,2 Module Foot Light Type. Trade electrical accessory for wholesale and professional purchase. Pack quantity: as listed.,piece,110.0,10,104.5,D-1585,9,D-1585_2_Module_Foot_Light_Mylinc_Type.jpg
EV-FTL-006,Foot Lights,3 Module Foot Light Type,3 Module Foot Light Type. Trade electrical accessory for wholesale and professional purchase. Pack quantity: as listed.,piece,120.0,10,114.0,D-1586,9,D-1586_3_Module_Foot_Light_Mylinc_Type.jpg
EV-FTL-007,Foot Lights,4 Module Foot Light,4 Module Foot Light. Trade electrical accessory for wholesale and professional purchase. Pack quantity: as listed.,piece,150.0,10,142.5,D-1587,9,D-1587_4_Module_Foot_Light.jpg
EV-FTL-008,Foot Lights,3 Module Foot Light GM Type,3 Module Foot Light GM Type. Trade electrical accessory for wholesale and professional purchase. Pack quantity: as listed.,piece,200.0,10,190.0,D-1588,9,D-1588_3_Module_Foot_Light_GM_Type.jpg
EV-FTL-009,Foot Lights,4 Module Foot Light GM Type,4 Module Foot Light GM Type. Trade electrical accessory for wholesale and professional purchase. Pack quantity: as listed.,piece,240.0,10,228.0,D-1589,9,D-1589_4_Module_Foot_Light_GM_Type.jpg
EV-FTL-010,Foot Lights,3 Module Foot Light H Type,3 Module Foot Light H Type. Trade electrical accessory for wholesale and professional purchase. Pack quantity: as listed.,piece,180.0,10,171.0,D-1590,9,
EV-FTL-011,Foot Lights,4 Module Foot Light H Type,4 Module Foot Light H Type. Trade electrical accessory for wholesale and professional purchase. Pack quantity: as listed.,piece,200.0,10,190.0,D-1591,9,
EV-FTL-012,Foot Lights,2 Module Foot Light Plate Type,2 Module Foot Light Plate Type. Trade electrical accessory for wholesale and professional purchase. Pack quantity: as listed.,piece,140.0,10,133.0,D-1592,9,D-1592_2_Module_Foot_Light_Plate_Type.jpg
EV-JBX-001,Junction & Boxes,Junction Box Switch Type,Junction Box Switch Type. Trade electrical accessory for wholesale and professional purchase. Pack quantity: as listed.,piece,14.0,36,13.3,D-1601,10,D-1601_Junction_Box_Switch_Type.jpg
EV-JBX-002,Junction & Boxes,Junction Box Socket Type,Junction Box Socket Type. Trade electrical accessory for wholesale and professional purchase. Pack quantity: as listed.,piece,14.0,24,13.3,D-1602,10,D-1602_Junction_Box_Socket_Type.jpg
EV-JBX-003,Junction & Boxes,5 in 1 Junction Box,5 in 1 Junction Box. Trade electrical accessory for wholesale and professional purchase. Pack quantity: as listed.,piece,58.0,10,55.1,D-1603,10,D-1603_5_in_1_Junction_Box.jpg
EV-JBX-004,Junction & Boxes,15A. S. S. Junction Box,15A. S. S. Junction Box. Trade electrical accessory for wholesale and professional purchase. Pack quantity: as listed.,piece,45.0,15,42.75,D-1604,10,D-1604_15A_S_S_Junction_Box.jpg
EV-JBX-005,Junction & Boxes,15 Amp. Switch Junction Box,15 Amp. Switch Junction Box. Trade electrical accessory for wholesale and professional purchase. Pack quantity: as listed.,piece,30.0,20,28.5,D-1605,10,D-1605_15_Amp_Switch_Junction_Box.jpg
EV-JBX-006,Junction & Boxes,15 Amp. Switch Junction Box (T Type),15 Amp. Switch Junction Box (T Type). Trade electrical accessory for wholesale and professional purchase. Pack quantity: as listed.,piece,34.0,20,32.3,D-1606,10,D-1606_15_Amp_Switch_Junction_Box_T_Type.jpg
EV-JBX-007,Junction & Boxes,4 x 3 P P Plate,4 x 3 P P Plate. Trade electrical accessory for wholesale and professional purchase. Pack quantity: as listed.,piece,11.5,40,10.92,D-1611,10,D-1611_4_x_3_P_P_Plate.jpg
EV-BLK-001,Blank Plates,Curve Blank Plate,Curve Blank Plate. Trade electrical accessory for wholesale and professional purchase. Pack quantity: as listed.,piece,4.0,100,3.8,D-1621,10,D-1621_Curve_Blank_Plate.jpg
EV-BLK-002,Blank Plates,4 / 5 Blank Plate,4 / 5 Blank Plate. Trade electrical accessory for wholesale and professional purchase. Pack quantity: as listed.,piece,4.0,100,3.8,D-1622,10,D-1622_4_5_Blank_Plate.jpg
EV-BLK-003,Blank Plates,Mcb Blank Plate,Mcb Blank Plate. Trade electrical accessory for wholesale and professional purchase. Pack quantity: as listed.,piece,2.6,100,2.47,D-1623,10,D-1623_Mcb_Blank_Plate.jpg
EV-BLK-004,Blank Plates,Modular Blank Plate (R),Modular Blank Plate (R). Trade electrical accessory for wholesale and professional purchase. Pack quantity: as listed.,piece,3.0,100,2.85,D-1624,10,D-1624_Modular_Blank_Plate_R.jpg
EV-BLK-005,Blank Plates,Modular Blank Plate (),Modular Blank Plate (). Trade electrical accessory for wholesale and professional purchase. Pack quantity: as listed.,piece,5.0,120,4.75,D-1625,10,D-1625_Modular_Blank_Plate_mylinc.jpg
EV-BLK-006,Blank Plates,Penta Blank Plate,Penta Blank Plate. Trade electrical accessory for wholesale and professional purchase. Pack quantity: as listed.,piece,4.0,100,3.8,D-1626,10,
EV-BLK-007,Blank Plates,Blank Plate,Blank Plate. Trade electrical accessory for wholesale and professional purchase. Pack quantity: as listed.,piece,4.0,100,3.8,D-1627,10,
EV-BLK-008,Blank Plates,GX 10 Blank Plate,GX 10 Blank Plate. Trade electrical accessory for wholesale and professional purchase. Pack quantity: as listed.,piece,4.0,100,3.8,D-1628,10,D-1628_GX_10_Blank_Plate.jpg
EV-BLK-009,Blank Plates,Leesha Blank Plate,Leesha Blank Plate. Trade electrical accessory for wholesale and professional purchase. Pack quantity: as listed.,piece,4.0,100,3.8,D-1629,10,D-1629_Leesha_Blank_Plate.jpg
EV-BLK-010,Blank Plates,Switch Type Modular Blank Plate (available in other color) All Suitable Blank Plate are Available.,Switch Type Modular Blank Plate (available in other color) All Suitable Blank Plate are Available.. Trade electrical accessory for wholesale and professional purchase. Pack quantity: as listed.,piece,3.0,100,2.85,D-1630,10,D-1630_Switch_Type_Modular_Blank_Plate_available_in_other_color_All_Suitable_Blank_Plat.jpg
EV-GNG-001,Gang Plates,1 Way Convertible Gang Plate (4x4),1 Way Convertible Gang Plate (4x4). Trade electrical accessory for wholesale and professional purchase. Pack quantity: as listed.,piece,20.0,20,19.0,D-1651,10,D-1651_1_Way_Convertible_Gang_Plate_4x4.jpg
EV-GNG-002,Gang Plates,2 Way Convertible Gang Plate (4x4),2 Way Convertible Gang Plate (4x4). Trade electrical accessory for wholesale and professional purchase. Pack quantity: as listed.,piece,20.0,20,19.0,D-1652,10,D-1652_2_Way_Convertible_Gang_Plate_4x4.jpg
EV-GNG-003,Gang Plates,3 Way Convertible Gang Plate (6x4),3 Way Convertible Gang Plate (6x4). Trade electrical accessory for wholesale and professional purchase. Pack quantity: as listed.,piece,26.0,20,24.7,D-1653,10,D-1653_3_Way_Convertible_Gang_Plate_6x4.jpg
EV-GNG-004,Gang Plates,4 Way Convertible Gang Plate (6x4),4 Way Convertible Gang Plate (6x4). Trade electrical accessory for wholesale and professional purchase. Pack quantity: as listed.,piece,26.0,20,24.7,D-1654,10,D-1654_4_Way_Convertible_Gang_Plate_6x4.jpg
EV-GNG-005,Gang Plates,5 Way Convertible Gang Plate (10x4),5 Way Convertible Gang Plate (10x4). Trade electrical accessory for wholesale and professional purchase. Pack quantity: as listed.,piece,42.0,10,39.9,D-1655,10,D-1655_5_Way_Convertible_Gang_Plate_10x4.jpg
EV-GNG-006,Gang Plates,6 Way Convertible Gang Plate (10x4),6 Way Convertible Gang Plate (10x4). Trade electrical accessory for wholesale and professional purchase. Pack quantity: as listed.,piece,42.0,10,39.9,D-1656,10,D-1656_6_Way_Convertible_Gang_Plate_10x4.jpg
EV-GNG-007,Gang Plates,7 Way Convertible Gang Plate (10x4),7 Way Convertible Gang Plate (10x4). Trade electrical accessory for wholesale and professional purchase. Pack quantity: as listed.,piece,42.0,10,39.9,D-1657,10,D-1657_7_Way_Convertible_Gang_Plate_10x4.jpg
EV-GNG-008,Gang Plates,8 Way Convertible Gang Plate (12x4),8 Way Convertible Gang Plate (12x4). Trade electrical accessory for wholesale and professional purchase. Pack quantity: as listed.,piece,56.0,10,53.2,D-1658,10,D-1658_8_Way_Convertible_Gang_Plate_12x4.jpg
EV-BLK-011,Blank Plates,Blank Plate (4 X 4),Blank Plate (4 X 4). Trade electrical accessory for wholesale and professional purchase. Pack quantity: as listed.,piece,25.0,20,23.75,D-1661,11,D-1661_Blank_Plate_4_X_4.jpg
EV-BLK-012,Blank Plates,Blank Plate (6 X 4),Blank Plate (6 X 4). Trade electrical accessory for wholesale and professional purchase. Pack quantity: as listed.,piece,34.0,20,32.3,D-1662,11,D-1662_Blank_Plate_6_X_4.jpg
EV-JBX-008,Junction & Boxes,Junction Box (4 x 4),Junction Box (4 x 4). Trade electrical accessory for wholesale and professional purchase. Pack quantity: as listed.,piece,44.0,20,41.8,D-1671,11,D-1671_Junction_Box_Surface_4_x_4.jpg
EV-JBX-009,Junction & Boxes,Junction Box (6 x 4),Junction Box (6 x 4). Trade electrical accessory for wholesale and professional purchase. Pack quantity: as listed.,piece,60.0,10,57.0,D-1672,11,D-1672_Junction_Box_Surface_6_x_4.jpg
EV-JBX-010,Junction & Boxes,Junction Box (10 x 4),Junction Box (10 x 4). Trade electrical accessory for wholesale and professional purchase. Pack quantity: as listed.,piece,114.0,10,108.3,D-1673,11,D-1673_Junction_Box_Surface_10_x_4.jpg
EV-JBX-011,Junction & Boxes,Junction Box (12 x 4),Junction Box (12 x 4). Trade electrical accessory for wholesale and professional purchase. Pack quantity: as listed.,piece,132.0,10,125.4,D-1674,11,D-1674_Junction_Box_Surface_12_x_4.jpg
EV-FNP-001,Fancy Plates,"4 / "" x 4 / "" Plate","4 / "" x 4 / "" Plate. Trade electrical accessory for wholesale and professional purchase. Pack quantity: as listed.",piece,36.0,10,34.2,D-1703,11,D-1703_4_x_4_Fancy_Plate.jpg
EV-FNP-002,Fancy Plates,"4 / "" x 6 / "" Plate","4 / "" x 6 / "" Plate. Trade electrical accessory for wholesale and professional purchase. Pack quantity: as listed.",piece,54.0,10,51.3,D-1704,11,D-1704_4_x_6_Fancy_Plate.jpg
EV-FNP-003,Fancy Plates,"4 / "" x 7 / "" Plate","4 / "" x 7 / "" Plate. Trade electrical accessory for wholesale and professional purchase. Pack quantity: as listed.",piece,68.0,10,64.6,D-1705,11,D-1705_4_x_7_Fancy_Plate.jpg
EV-FNP-004,Fancy Plates,"4 / "" x 8 / "" Plate","4 / "" x 8 / "" Plate. Trade electrical accessory for wholesale and professional purchase. Pack quantity: as listed.",piece,68.0,10,64.6,D-1706,11,D-1706_4_x_8_Fancy_Plate.jpg
EV-FNP-005,Fancy Plates,"4 / "" x 10 / "" Plate","4 / "" x 10 / "" Plate. Trade electrical accessory for wholesale and professional purchase. Pack quantity: as listed.",piece,90.0,10,85.5,D-1707,11,D-1707_4_x_10_Fancy_Plate.jpg
EV-FNP-006,Fancy Plates,"4 / "" x 12 / "" Plate","4 / "" x 12 / "" Plate. Trade electrical accessory for wholesale and professional purchase. Pack quantity: as listed.",piece,108.0,10,102.6,D-1708,11,D-1708_4_x_12_Fancy_Plate.jpg
EV-FNP-007,Fancy Plates,"4 / "" x 15 / "" Plate","4 / "" x 15 / "" Plate. Trade electrical accessory for wholesale and professional purchase. Pack quantity: as listed.",piece,155.0,10,147.25,D-1709,11,D-1709_4_x_15_Fancy_Plate.jpg
EV-FNP-008,Fancy Plates,"6 / "" x 8 / "" Plate","6 / "" x 8 / "" Plate. Trade electrical accessory for wholesale and professional purchase. Pack quantity: as listed.",piece,105.0,10,99.75,D-1710,11,D-1710_6_x_8_Fancy_Plate.jpg
EV-FNP-009,Fancy Plates,"6 / "" x 10 / "" Plate","6 / "" x 10 / "" Plate. Trade electrical accessory for wholesale and professional purchase. Pack quantity: as listed.",piece,144.0,10,136.8,D-1711,11,D-1711_6_x_10_Fancy_Plate.jpg
EV-FNP-010,Fancy Plates,"6 / "" x 12 / "" Plate","6 / "" x 12 / "" Plate. Trade electrical accessory for wholesale and professional purchase. Pack quantity: as listed.",piece,162.0,10,153.9,D-1712,11,D-1712_6_x_12_Fancy_Plate.jpg
EV-FNP-011,Fancy Plates,"8 / "" x 10 / "" Plate","8 / "" x 10 / "" Plate. Trade electrical accessory for wholesale and professional purchase. Pack quantity: as listed.",piece,180.0,10,171.0,D-1713,12,D-1713_8_x_10_Fancy_Plate.jpg
EV-FNP-012,Fancy Plates,"8 / "" x 12 / "" Plate","8 / "" x 12 / "" Plate. Trade electrical accessory for wholesale and professional purchase. Pack quantity: as listed.",piece,198.0,10,188.1,D-1714,12,D-1714_8_x_12_Fancy_Plate.jpg
EV-FNP-013,Fancy Plates,"ǵ"" Plate ǵ"" x Ǿ Ǿ ⁄ ⁄","ǵ"" Plate ǵ"" x Ǿ Ǿ ⁄ ⁄. Trade electrical accessory for wholesale and professional purchase. Pack quantity: as listed.",piece,27.0,10,25.65,D-1716,12,D-1716_Manoj_Fancy_Plate_x.jpg
EV-FNP-014,Fancy Plates,"ǵ"" Plate ǵ"" x Ǿ Ǿ ⁄ ⁄","ǵ"" Plate ǵ"" x Ǿ Ǿ ⁄ ⁄. Trade electrical accessory for wholesale and professional purchase. Pack quantity: as listed.",piece,40.0,10,38.0,D-1717,12,D-1717_Manoj_Fancy_Plate_x.jpg
EV-FNP-015,Fancy Plates,"PLATE 1/2 MODULE ǵ"" ǵ"" x Ǿ Ǿ ⁄ ⁄","PLATE 1/2 MODULE ǵ"" ǵ"" x Ǿ Ǿ ⁄ ⁄. Trade electrical accessory for wholesale and professional purchase. Pack quantity: as listed.",piece,33.0,20,31.35,D-1721,12,D-1721_FANCY_PLATE_1_2_MODULE_x.jpg
EV-FNP-016,Fancy Plates,"PLATE 3 MODULE ǵ"" ǵ"" x Ǿ Ǿ ⁄ ⁄","PLATE 3 MODULE ǵ"" ǵ"" x Ǿ Ǿ ⁄ ⁄. Trade electrical accessory for wholesale and professional purchase. Pack quantity: as listed.",piece,36.0,20,34.2,D-1722,12,D-1722_FANCY_PLATE_3_MODULE_x.jpg
EV-FNP-017,Fancy Plates,"PLATE 3 MODULE ǵ"" ǵ"" x Ǿ Ǿ ⁄ ⁄","PLATE 3 MODULE ǵ"" ǵ"" x Ǿ Ǿ ⁄ ⁄. Trade electrical accessory for wholesale and professional purchase. Pack quantity: as listed.",piece,36.0,10,34.2,D-1723,12,D-1723_FANCY_PLATE_3_MODULE_x.jpg
EV-FNP-018,Fancy Plates,"PLATE 4 MODULE ǵ"" ǵ"" x Ǿ Ǿ ⁄ ⁄","PLATE 4 MODULE ǵ"" ǵ"" x Ǿ Ǿ ⁄ ⁄. Trade electrical accessory for wholesale and professional purchase. Pack quantity: as listed.",piece,40.0,10,38.0,D-1724,12,D-1724_FANCY_PLATE_4_MODULE_x.jpg
EV-FNP-019,Fancy Plates,"PLATE 6 MODULE ǵ"" ǵ"" x Ǿ Ǿ ⁄ ⁄","PLATE 6 MODULE ǵ"" ǵ"" x Ǿ Ǿ ⁄ ⁄. Trade electrical accessory for wholesale and professional purchase. Pack quantity: as listed.",piece,56.0,10,53.2,D-1725,12,D-1725_FANCY_PLATE_6_MODULE_x.jpg
EV-FNP-020,Fancy Plates,"PLATE 8 MODULE ǵ"" ǵ"" x Ǿ Ǿ ⁄ ⁄","PLATE 8 MODULE ǵ"" ǵ"" x Ǿ Ǿ ⁄ ⁄. Trade electrical accessory for wholesale and professional purchase. Pack quantity: as listed.",piece,74.0,10,70.3,D-1726,12,D-1726_FANCY_PLATE_8_MODULE_x.jpg
EV-FNP-021,Fancy Plates,"PLATE 12 MODULE ǵ"" ǵ"" x Ǿ Ǿ ⁄ ⁄","PLATE 12 MODULE ǵ"" ǵ"" x Ǿ Ǿ ⁄ ⁄. Trade electrical accessory for wholesale and professional purchase. Pack quantity: as listed.",piece,90.0,10,85.5,D-1727,12,D-1727_FANCY_PLATE_12_MODULE_x.jpg
EV-FNP-022,Fancy Plates,"PLATE 16 MODULE ǵ"" ǵ"" x Ǿ Ǿ ⁄ ⁄","PLATE 16 MODULE ǵ"" ǵ"" x Ǿ Ǿ ⁄ ⁄. Trade electrical accessory for wholesale and professional purchase. Pack quantity: as listed.",piece,110.0,10,104.5,D-1728,12,D-1728_FANCY_PLATE_16_MODULE_x.jpg
EV-FNP-023,Fancy Plates,"PLATE 18 MODULE ǵ"" ǵ"" x Ǿ Ǿ ⁄ ⁄","PLATE 18 MODULE ǵ"" ǵ"" x Ǿ Ǿ ⁄ ⁄. Trade electrical accessory for wholesale and professional purchase. Pack quantity: as listed.",piece,130.0,10,123.5,D-1729,12,D-1729_FANCY_PLATE_18_MODULE_x.jpg
EV-FNP-024,Fancy Plates,"1 Switch) ǵ"" Plate ( ǵ"" x Ǿ Ǿ ⁄ ⁄","1 Switch) ǵ"" Plate ( ǵ"" x Ǿ Ǿ ⁄ ⁄. Trade electrical accessory for wholesale and professional purchase. Pack quantity: as listed.",piece,36.0,10,34.2,D-1751,12,D-1751_1_Switch_Fancy_Plate_x.jpg
EV-FNP-025,Fancy Plates,"2 Switch) ǵ"" Plate ( ǵ"" x Ǿ Ǿ ⁄ ⁄","2 Switch) ǵ"" Plate ( ǵ"" x Ǿ Ǿ ⁄ ⁄. Trade electrical accessory for wholesale and professional purchase. Pack quantity: as listed.",piece,36.0,10,34.2,D-1752,12,D-1752_2_Switch_Fancy_Plate_x.jpg
EV-FNP-026,Fancy Plates,"3 Switch) ǵ"" Plate ( ǵ"" x Ǿ Ǿ ⁄ ⁄","3 Switch) ǵ"" Plate ( ǵ"" x Ǿ Ǿ ⁄ ⁄. Trade electrical accessory for wholesale and professional purchase. Pack quantity: as listed.",piece,54.0,10,51.3,D-1753,12,D-1753_3_Switch_Fancy_Plate_x.jpg
EV-FNP-027,Fancy Plates,"4 Switch) ǵ"" Plate ( ǵ"" x Ǿ Ǿ ⁄ ⁄","4 Switch) ǵ"" Plate ( ǵ"" x Ǿ Ǿ ⁄ ⁄. Trade electrical accessory for wholesale and professional purchase. Pack quantity: as listed.",piece,67.0,10,63.65,D-1754,12,D-1754_4_Switch_Fancy_Plate_x.jpg
EV-FNP-028,Fancy Plates,"5 Switch) ǵ"" Plate ( ǵ"" x Ǿ Ǿ ⁄ ⁄","5 Switch) ǵ"" Plate ( ǵ"" x Ǿ Ǿ ⁄ ⁄. Trade electrical accessory for wholesale and professional purchase. Pack quantity: as listed.",piece,90.0,10,85.5,D-1755,12,D-1755_5_Switch_Fancy_Plate_x.jpg
EV-FNP-029,Fancy Plates,"6 Switch) ǵ"" Plate ( ǵ"" x Ǿ Ǿ ⁄ ⁄","6 Switch) ǵ"" Plate ( ǵ"" x Ǿ Ǿ ⁄ ⁄. Trade electrical accessory for wholesale and professional purchase. Pack quantity: as listed.",piece,90.0,10,85.5,D-1756,12,D-1756_6_Switch_Fancy_Plate_x.jpg
EV-FNP-030,Fancy Plates,"7 Switch) ǵ"" Plate ( ǵ"" x Ǿ Ǿ ⁄ ⁄","7 Switch) ǵ"" Plate ( ǵ"" x Ǿ Ǿ ⁄ ⁄. Trade electrical accessory for wholesale and professional purchase. Pack quantity: as listed.",piece,108.0,10,102.6,D-1757,12,D-1757_7_Switch_Fancy_Plate_x.jpg
EV-GXB-001,Gang Boxes,1 Way Convertable Gang Box,1 Way Convertable Gang Box. Trade electrical accessory for wholesale and professional purchase. Pack quantity: as listed.,piece,22.0,20,20.9,D-1771,12,D-1771_1_Way_Convertable_Gang_Box.jpg
EV-GXB-002,Gang Boxes,2 Way Convertable Gang Box,2 Way Convertable Gang Box. Trade electrical accessory for wholesale and professional purchase. Pack quantity: as listed.,piece,25.0,20,23.75,D-1772,12,D-1772_2_Way_Convertable_Gang_Box.jpg
EV-GXB-003,Gang Boxes,3 Way Convertable Gang Box,3 Way Convertable Gang Box. Trade electrical accessory for wholesale and professional purchase. Pack quantity: as listed.,piece,31.0,20,29.45,D-1773,12,D-1773_3_Way_Convertable_Gang_Box.jpg
EV-GXB-004,Gang Boxes,4 Way Convertable Gang Box,4 Way Convertable Gang Box. Trade electrical accessory for wholesale and professional purchase. Pack quantity: as listed.,piece,42.0,10,39.9,D-1774,12,D-1774_4_Way_Convertable_Gang_Box.jpg
EV-GXB-005,Gang Boxes,5 Way Convertable Gang Box,5 Way Convertable Gang Box. Trade electrical accessory for wholesale and professional purchase. Pack quantity: as listed.,piece,44.0,10,41.8,D-1775,12,D-1775_5_Way_Convertable_Gang_Box.jpg
EV-GXB-006,Gang Boxes,6 Way Convertable Gang Box,6 Way Convertable Gang Box. Trade electrical accessory for wholesale and professional purchase. Pack quantity: as listed.,piece,52.0,10,49.4,D-1776,12,D-1776_6_Way_Convertable_Gang_Box.jpg
EV-GXB-007,Gang Boxes,7 Way Convertable Gang Box,7 Way Convertable Gang Box. Trade electrical accessory for wholesale and professional purchase. Pack quantity: as listed.,piece,58.0,10,55.1,D-1777,12,D-1777_7_Way_Convertable_Gang_Box.jpg
EV-GXB-008,Gang Boxes,1 Way Gang Box,1 Way Gang Box. Trade electrical accessory for wholesale and professional purchase. Pack quantity: as listed.,piece,52.0,10,49.4,D-1801,13,D-1801_Vivo_1_Way_Gang_Box.jpg
EV-GXB-009,Gang Boxes,2 Way Gang Box,2 Way Gang Box. Trade electrical accessory for wholesale and professional purchase. Pack quantity: as listed.,piece,63.0,10,59.85,D-1802,13,D-1802_Vivo_2_Way_Gang_Box.jpg
EV-GXB-010,Gang Boxes,3 Way Gang Box,3 Way Gang Box. Trade electrical accessory for wholesale and professional purchase. Pack quantity: as listed.,piece,70.0,10,66.5,D-1803,13,D-1803_Vivo_3_Way_Gang_Box.jpg
EV-GXB-011,Gang Boxes,4 Way Gang Box,4 Way Gang Box. Trade electrical accessory for wholesale and professional purchase. Pack quantity: as listed.,piece,90.0,10,85.5,D-1804,13,D-1804_Vivo_4_Way_Gang_Box.jpg
EV-GXB-012,Gang Boxes,5 Way Gang Box,5 Way Gang Box. Trade electrical accessory for wholesale and professional purchase. Pack quantity: as listed.,piece,109.0,10,103.55,D-1805,13,D-1805_Vivo_5_Way_Gang_Box.jpg
EV-GXB-013,Gang Boxes,6 Way Gang Box,6 Way Gang Box. Trade electrical accessory for wholesale and professional purchase. Pack quantity: as listed.,piece,113.0,10,107.35,D-1806,13,D-1806_Vivo_6_Way_Gang_Box.jpg
EV-GXB-014,Gang Boxes,7 Way Gang Box,7 Way Gang Box. Trade electrical accessory for wholesale and professional purchase. Pack quantity: as listed.,piece,114.0,10,108.3,D-1807,13,D-1807_Vivo_7_Way_Gang_Box.jpg
EV-GXB-015,Gang Boxes,8 Way Gang Box,8 Way Gang Box. Trade electrical accessory for wholesale and professional purchase. Pack quantity: as listed.,piece,150.0,5,142.5,D-1808,13,D-1808_Vivo_8_Way_Gang_Box.jpg
EV-MOD-001,Modular Plates,Woody 1 Module Modular Plate,Woody 1 Module Modular Plate. Trade electrical accessory for wholesale and professional purchase. Pack quantity: as listed.,piece,48.0,10,45.6,D-1851,13,D-1851_Woody_1_Module_Modular_Plate.jpg
EV-MOD-002,Modular Plates,Woody 2 Module Modular Plate,Woody 2 Module Modular Plate. Trade electrical accessory for wholesale and professional purchase. Pack quantity: as listed.,piece,48.0,10,45.6,D-1852,13,D-1852_Woody_2_Module_Modular_Plate.jpg
EV-MOD-003,Modular Plates,Woody 3 Module Modular Plate,Woody 3 Module Modular Plate. Trade electrical accessory for wholesale and professional purchase. Pack quantity: as listed.,piece,50.0,10,47.5,D-1853,13,D-1853_Woody_3_Module_Modular_Plate.jpg
EV-MOD-004,Modular Plates,Woody 4 Module Modular Plate,Woody 4 Module Modular Plate. Trade electrical accessory for wholesale and professional purchase. Pack quantity: as listed.,piece,72.0,10,68.4,D-1854,13,D-1854_Woody_4_Module_Modular_Plate.jpg
EV-MOD-005,Modular Plates,Woody 6 Module Modular Plate,Woody 6 Module Modular Plate. Trade electrical accessory for wholesale and professional purchase. Pack quantity: as listed.,piece,82.0,10,77.9,D-1855,13,D-1855_Woody_6_Module_Modular_Plate.jpg
EV-MOD-006,Modular Plates,Woody 8 Module Modular Plate,Woody 8 Module Modular Plate. Trade electrical accessory for wholesale and professional purchase. Pack quantity: as listed.,piece,94.0,10,89.3,D-1856,13,
EV-MOD-007,Modular Plates,Woody 10 Module Modular Plate,Woody 10 Module Modular Plate. Trade electrical accessory for wholesale and professional purchase. Pack quantity: as listed.,piece,105.0,10,99.75,D-1857,13,
EV-MOD-008,Modular Plates,Woody 12 Module Modular Plate (Sq),Woody 12 Module Modular Plate (Sq). Trade electrical accessory for wholesale and professional purchase. Pack quantity: as listed.,piece,105.0,10,99.75,D-1858,13,D-1858_Woody_12_Module_Modular_Plate_Sq.jpg
EV-MOD-009,Modular Plates,Woody 12 Module Modular Plate (Hz),Woody 12 Module Modular Plate (Hz). Trade electrical accessory for wholesale and professional purchase. Pack quantity: as listed.,piece,125.0,10,118.75,D-1859,13,
EV-MOD-010,Modular Plates,Woody Plate,Woody Plate. Trade electrical accessory for wholesale and professional purchase. Pack quantity: as listed.,piece,,,,D-1860,13,
EV-MOD-011,Modular Plates,Woody 18 Module Modular Plate,Woody 18 Module Modular Plate. Trade electrical accessory for wholesale and professional purchase. Pack quantity: as listed.,piece,,,,D-1861,13,
EV-MOD-012,Modular Plates,Woody 20 Module Modular Plate,Woody 20 Module Modular Plate. Trade electrical accessory for wholesale and professional purchase. Pack quantity: as listed.,piece,,,,D-1862,13,D-1862_Woody_20_Module_Modular_Plate.jpg
EV-SFB-001,Surface Boxes,1 & 2 Module Jn. Box,1 & 2 Module Jn. Box. Trade electrical accessory for wholesale and professional purchase. Pack quantity: as listed.,piece,43.0,10,40.85,D-1871,13,D-1871_1_2_Module_Surface_Jn_Box.jpg
EV-SFB-002,Surface Boxes,3 Module Jn. Box,3 Module Jn. Box. Trade electrical accessory for wholesale and professional purchase. Pack quantity: as listed.,piece,54.0,10,51.3,D-1872,13,D-1872_3_Module_Surface_Jn_Box.jpg
EV-SFB-003,Surface Boxes,4 Module Jn. Box,4 Module Jn. Box. Trade electrical accessory for wholesale and professional purchase. Pack quantity: as listed.,piece,55.0,10,52.25,D-1873,13,D-1873_4_Module_Surface_Jn_Box.jpg
EV-SFB-004,Surface Boxes,6 Module Jn. Box,6 Module Jn. Box. Trade electrical accessory for wholesale and professional purchase. Pack quantity: as listed.,piece,95.0,5,90.25,D-1874,13,D-1874_6_Module_Surface_Jn_Box.jpg
EV-SFB-005,Surface Boxes,8 Module Jn. Box (Square),8 Module Jn. Box (Square). Trade electrical accessory for wholesale and professional purchase. Pack quantity: as listed.,piece,100.0,5,95.0,D-1875,13,D-1875_8_Module_Surface_Jn_Box_Square.jpg
EV-SFB-006,Surface Boxes,8 Module Jn. Box,8 Module Jn. Box. Trade electrical accessory for wholesale and professional purchase. Pack quantity: as listed.,piece,100.0,5,95.0,D-1876,13,D-1876_8_Module_Surface_Jn_Box.jpg
EV-SFB-007,Surface Boxes,12 Module Jn. Box,12 Module Jn. Box. Trade electrical accessory for wholesale and professional purchase. Pack quantity: as listed.,piece,130.0,5,123.5,D-1877,13,D-1877_12_Module_Surface_Jn_Box.jpg
EV-SFB-008,Surface Boxes,18 Module Jn. Box,18 Module Jn. Box. Trade electrical accessory for wholesale and professional purchase. Pack quantity: as listed.,piece,180.0,5,171.0,D-1878,13,D-1878_18_Module_Surface_Jn_Box.jpg
EV-SFB-009,Surface Boxes,1 & 2 Module Box Mi,1 & 2 Module Box Mi. Trade electrical accessory for wholesale and professional purchase. Pack quantity: as listed.,piece,60.0,20,57.0,D-1902,14,D-1902_1_2_Module_Surface_Box_Mi.jpg
EV-SFB-010,Surface Boxes,3 Module Box Mi,3 Module Box Mi. Trade electrical accessory for wholesale and professional purchase. Pack quantity: as listed.,piece,66.0,10,62.7,D-1903,14,D-1903_3_Module_Surface_Box_Mi.jpg
EV-SFB-011,Surface Boxes,4 Module Box Mi,4 Module Box Mi. Trade electrical accessory for wholesale and professional purchase. Pack quantity: as listed.,piece,75.0,10,71.25,D-1904,14,D-1904_4_Module_Surface_Box_Mi.jpg
EV-SFB-012,Surface Boxes,6 Module Box Mi,6 Module Box Mi. Trade electrical accessory for wholesale and professional purchase. Pack quantity: as listed.,piece,88.0,10,83.6,D-1905,14,D-1905_6_Module_Surface_Box_Mi.jpg
EV-SFB-013,Surface Boxes,8 Hz. Module Box Mi,8 Hz. Module Box Mi. Trade electrical accessory for wholesale and professional purchase. Pack quantity: as listed.,piece,110.0,10,104.5,D-1906,14,D-1906_8_Hz_Module_Surface_Box_Mi.jpg
EV-SFB-014,Surface Boxes,8 Sq. Module Box Mi,8 Sq. Module Box Mi. Trade electrical accessory for wholesale and professional purchase. Pack quantity: as listed.,piece,110.0,10,104.5,D-1907,14,
EV-SFB-015,Surface Boxes,12 Module Box Mi,12 Module Box Mi. Trade electrical accessory for wholesale and professional purchase. Pack quantity: as listed.,piece,124.0,10,117.8,D-1908,14,D-1908_12_Module_Surface_Box_Mi.jpg
EV-SFB-016,Surface Boxes,16 Module Box Mi,16 Module Box Mi. Trade electrical accessory for wholesale and professional purchase. Pack quantity: as listed.,piece,150.0,5,142.5,D-1909,14,
EV-SFB-017,Surface Boxes,18 Module Box Mi,18 Module Box Mi. Trade electrical accessory for wholesale and professional purchase. Pack quantity: as listed.,piece,175.0,5,166.25,D-1910,14,D-1910_18_Module_Surface_Box_Mi.jpg
EV-ELE-001,Electrical Accessories,Electrical Accessories,Electrical Accessories. Trade electrical accessory for wholesale and professional purchase. Pack quantity: as listed.,piece,,,,D-1911,14,
EV-SFB-018,Surface Boxes,1 Module Gang Box,1 Module Gang Box. Trade electrical accessory for wholesale and professional purchase. Pack quantity: as listed.,piece,43.0,20,40.85,D-1951,14,D-1951_1_Module_Surface_Gang_Box.jpg
EV-SFB-019,Surface Boxes,2 Module Gang Box,2 Module Gang Box. Trade electrical accessory for wholesale and professional purchase. Pack quantity: as listed.,piece,48.0,20,45.6,D-1952,14,D-1952_2_Module_Surface_Gang_Box.jpg
EV-SFB-020,Surface Boxes,3 Module Gang Box,3 Module Gang Box. Trade electrical accessory for wholesale and professional purchase. Pack quantity: as listed.,piece,64.0,10,60.8,D-1953,14,D-1953_3_Module_Surface_Gang_Box.jpg
EV-SFB-021,Surface Boxes,4 Module Gang Box,4 Module Gang Box. Trade electrical accessory for wholesale and professional purchase. Pack quantity: as listed.,piece,75.0,10,71.25,D-1954,14,D-1954_4_Module_Surface_Gang_Box.jpg
EV-SFB-022,Surface Boxes,6 Module Gang Box,6 Module Gang Box. Trade electrical accessory for wholesale and professional purchase. Pack quantity: as listed.,piece,94.0,10,89.3,D-1955,14,D-1955_6_Module_Surface_Gang_Box.jpg
EV-SFB-023,Surface Boxes,8 Module Hz. Gang Box,8 Module Hz. Gang Box. Trade electrical accessory for wholesale and professional purchase. Pack quantity: as listed.,piece,112.0,10,106.4,D-1956,14,D-1956_8_Module_Hz_Surface_Gang_Box.jpg
EV-SFB-024,Surface Boxes,8 Module Sq. Gang Box,8 Module Sq. Gang Box. Trade electrical accessory for wholesale and professional purchase. Pack quantity: as listed.,piece,112.0,10,106.4,D-1957,14,D-1957_8_Module_Sq_Surface_Gang_Box.jpg
EV-SFB-025,Surface Boxes,9 Module Gang Box,9 Module Gang Box. Trade electrical accessory for wholesale and professional purchase. Pack quantity: as listed.,piece,120.0,10,114.0,D-1958,14,
EV-SFB-026,Surface Boxes,12 Module Gang Box,12 Module Gang Box. Trade electrical accessory for wholesale and professional purchase. Pack quantity: as listed.,piece,136.0,10,129.2,D-1959,14,D-1959_12_Module_Surface_Gang_Box.jpg
EV-SFB-027,Surface Boxes,16 Module Gang Box,16 Module Gang Box. Trade electrical accessory for wholesale and professional purchase. Pack quantity: as listed.,piece,175.0,05,166.25,D-1960,14,
EV-SFB-028,Surface Boxes,18 Module Gang Box,18 Module Gang Box. Trade electrical accessory for wholesale and professional purchase. Pack quantity: as listed.,piece,194.0,05,184.3,D-1961,14,D-1961_18_Module_Surface_Gang_Box.jpg
EV-SFB-029,Surface Boxes,Modular Gang Boxes 1M,Modular Gang Boxes 1M. Trade electrical accessory for wholesale and professional purchase. Pack quantity: as listed.,piece,42.0,10,39.9,D-2001,15,D-2001_Brio_Modular_Gang_Boxes_1M.jpg
EV-SFB-030,Surface Boxes,Modular Gang Boxes 2M,Modular Gang Boxes 2M. Trade electrical accessory for wholesale and professional purchase. Pack quantity: as listed.,piece,54.0,10,51.3,D-2002,15,D-2002_Brio_Modular_Gang_Boxes_2M.jpg
EV-SFB-031,Surface Boxes,Modular Gang Boxes 3M,Modular Gang Boxes 3M. Trade electrical accessory for wholesale and professional purchase. Pack quantity: as listed.,piece,62.0,10,58.9,D-2003,15,D-2003_Brio_Modular_Gang_Boxes_3M.jpg
EV-SFB-032,Surface Boxes,Modular Gang Boxes 4M,Modular Gang Boxes 4M. Trade electrical accessory for wholesale and professional purchase. Pack quantity: as listed.,piece,70.0,10,66.5,D-2004,15,D-2004_Brio_Modular_Gang_Boxes_4M.jpg
EV-SFB-033,Surface Boxes,Modular Gang Boxes 6M,Modular Gang Boxes 6M. Trade electrical accessory for wholesale and professional purchase. Pack quantity: as listed.,piece,88.0,10,83.6,D-2005,15,D-2005_Brio_Modular_Gang_Boxes_6M.jpg
EV-SFB-034,Surface Boxes,Modular Gang Boxes 8M Hz,Modular Gang Boxes 8M Hz. Trade electrical accessory for wholesale and professional purchase. Pack quantity: as listed.,piece,111.0,10,105.45,D-2006,15,D-2006_Brio_Modular_Gang_Boxes_8M_Hz.jpg
EV-SFB-035,Surface Boxes,Modular Gang Boxes 8M Sq,Modular Gang Boxes 8M Sq. Trade electrical accessory for wholesale and professional purchase. Pack quantity: as listed.,piece,113.0,5,107.35,D-2007,15,D-2007_Brio_Modular_Gang_Boxes_8M_Sq.jpg
EV-SFB-036,Surface Boxes,Modular Gang Boxes 9M,Modular Gang Boxes 9M. Trade electrical accessory for wholesale and professional purchase. Pack quantity: as listed.,piece,114.0,10,108.3,D-2008,15,D-2008_Brio_Modular_Gang_Boxes_9M.jpg
EV-SFB-037,Surface Boxes,Modular Gang Boxes 12M,Modular Gang Boxes 12M. Trade electrical accessory for wholesale and professional purchase. Pack quantity: as listed.,piece,148.0,5,140.6,D-2009,15,D-2009_Brio_Modular_Gang_Boxes_12M.jpg
EV-SFB-038,Surface Boxes,Modular Gang Boxes 18M,Modular Gang Boxes 18M. Trade electrical accessory for wholesale and professional purchase. Pack quantity: as listed.,piece,187.0,5,177.65,D-2010,15,D-2010_Brio_Modular_Gang_Boxes_18M.jpg
EV-CCB-001,Concealed Boxes,Creat 2 Modular Concealed Box,Creat 2 Modular Concealed Box. Trade electrical accessory for wholesale and professional purchase. Pack quantity: as listed.,piece,33.0,20,31.35,D-2022,15,D-2022_CREAT_2_MODULAR_CONCEALED_BOX.jpg
EV-CCB-002,Concealed Boxes,Creat 3 Modular Concealed Box,Creat 3 Modular Concealed Box. Trade electrical accessory for wholesale and professional purchase. Pack quantity: as listed.,piece,38.0,10,36.1,D-2023,15,D-2023_CREAT_3_MODULAR_CONCEALED_BOX.jpg
EV-CCB-003,Concealed Boxes,Creat 4 Modular Concealed Box,Creat 4 Modular Concealed Box. Trade electrical accessory for wholesale and professional purchase. Pack quantity: as listed.,piece,47.5,10,45.12,D-2024,15,D-2024_CREAT_4_MODULAR_CONCEALED_BOX.jpg
EV-CCB-004,Concealed Boxes,Creat 6 Modular Concealed Box,Creat 6 Modular Concealed Box. Trade electrical accessory for wholesale and professional purchase. Pack quantity: as listed.,piece,58.5,10,55.57,D-2025,15,D-2025_CREAT_6_MODULAR_CONCEALED_BOX.jpg
EV-CCB-005,Concealed Boxes,Creat 8Hz Modular Concealed Box,Creat 8Hz Modular Concealed Box. Trade electrical accessory for wholesale and professional purchase. Pack quantity: as listed.,piece,73.0,10,69.35,D-2026,15,D-2026_CREAT_8HZ_MODULAR_CONCEALED_BOX.jpg
EV-CCB-006,Concealed Boxes,Creat 8Sq Modular Concealed Box,Creat 8Sq Modular Concealed Box. Trade electrical accessory for wholesale and professional purchase. Pack quantity: as listed.,piece,73.0,10,69.35,D-2027,15,D-2027_CREAT_8SQ_MODULAR_CONCEALED_BOX.jpg
EV-CCB-007,Concealed Boxes,Creat 12 Modular Concealed Box,Creat 12 Modular Concealed Box. Trade electrical accessory for wholesale and professional purchase. Pack quantity: as listed.,piece,93.0,10,88.35,D-2028,15,D-2028_CREAT_12_MODULAR_CONCEALED_BOX.jpg
EV-CCB-008,Concealed Boxes,Creat 18 Modular Concealed Box,Creat 18 Modular Concealed Box. Trade electrical accessory for wholesale and professional purchase. Pack quantity: as listed.,piece,132.0,05,125.4,D-2029,15,D-2029_CREAT_18_MODULAR_CONCEALED_BOX.jpg
EV-SFB-039,Surface Boxes,2 Module Box,2 Module Box. Trade electrical accessory for wholesale and professional purchase. Pack quantity: as listed.,piece,65.0,10,61.75,D-2052,16,D-2052_2_Module_Surface_Box.jpg
EV-SFB-040,Surface Boxes,3 Module Box,3 Module Box. Trade electrical accessory for wholesale and professional purchase. Pack quantity: as listed.,piece,84.0,10,79.8,D-2053,16,D-2053_3_Module_Surface_Box.jpg
EV-SFB-041,Surface Boxes,4 Module Box,4 Module Box. Trade electrical accessory for wholesale and professional purchase. Pack quantity: as listed.,piece,98.0,10,93.1,D-2054,16,D-2054_4_Module_Surface_Box.jpg
EV-SFB-042,Surface Boxes,6 Module Box,6 Module Box. Trade electrical accessory for wholesale and professional purchase. Pack quantity: as listed.,piece,113.0,10,107.35,D-2055,16,D-2055_6_Module_Surface_Box.jpg
EV-SFB-043,Surface Boxes,8 Module Box,8 Module Box. Trade electrical accessory for wholesale and professional purchase. Pack quantity: as listed.,piece,126.0,10,119.7,D-2056,16,D-2056_8_Module_Surface_Box.jpg
EV-SFB-044,Surface Boxes,9 Module Box,9 Module Box. Trade electrical accessory for wholesale and professional purchase. Pack quantity: as listed.,piece,138.0,10,131.1,D-2057,16,D-2057_9_Module_Surface_Box.jpg
EV-SFB-045,Surface Boxes,12 Module Box,12 Module Box. Trade electrical accessory for wholesale and professional purchase. Pack quantity: as listed.,piece,186.0,5,176.7,D-2058,16,D-2058_12_Module_Surface_Box.jpg
EV-SFB-046,Surface Boxes,18 Module Box,18 Module Box. Trade electrical accessory for wholesale and professional purchase. Pack quantity: as listed.,piece,220.0,5,209.0,D-2059,16,D-2059_18_Module_Surface_Box.jpg
EV-CBM-001,Cable Management,Cable Ties Black,Trade cable tie variant Cable Ties Black. Supplied in bulk pack; source catalogue lists pricing by 100 pieces.,piece,,1000,,D-2111A,17,D-2111A_Cable_Ties_Black.jpg
EV-REG-001,Fan Regulators,4 Step,4 Step. Trade electrical accessory for wholesale and professional purchase. Pack quantity: as listed.,piece,90.0,20,85.5,D-2151,19,D-2151_4_STEP.jpg
EV-REG-002,Fan Regulators,5 Step,5 Step. Trade electrical accessory for wholesale and professional purchase. Pack quantity: as listed.,piece,100.0,10,95.0,D-2152,19,D-2152_5_STEP.jpg
EV-REG-003,Fan Regulators,4 Step,4 Step. Trade electrical accessory for wholesale and professional purchase. Pack quantity: as listed.,piece,90.0,20,85.5,D-2153,19,D-2153_4_STEP.jpg
EV-REG-004,Fan Regulators,5 Step,5 Step. Trade electrical accessory for wholesale and professional purchase. Pack quantity: as listed.,piece,120.0,10,114.0,D-2154,19,D-2154_5_STEP.jpg
EV-REG-005,Fan Regulators,Silver Ring 4 Step,Silver Ring 4 Step. Trade electrical accessory for wholesale and professional purchase. Pack quantity: as listed.,piece,100.0,20,95.0,D-2155,19,D-2155_SILVER_RING_4_STEP.jpg
EV-REG-006,Fan Regulators,Silver Ring 5 Step,Silver Ring 5 Step. Trade electrical accessory for wholesale and professional purchase. Pack quantity: as listed.,piece,120.0,10,114.0,D-2156,19,D-2156_SILVER_RING_5_STEP.jpg
EV-REG-007,Fan Regulators,4 Step,4 Step. Trade electrical accessory for wholesale and professional purchase. Pack quantity: as listed.,piece,110.0,20,104.5,D-2157,19,D-2157_SHINE_4_STEP.jpg
EV-REG-008,Fan Regulators,5 Step,5 Step. Trade electrical accessory for wholesale and professional purchase. Pack quantity: as listed.,piece,130.0,10,123.5,D-2158,19,D-2158_SHINE_5_STEP.jpg
EV-REG-009,Fan Regulators,4 Step,4 Step. Trade electrical accessory for wholesale and professional purchase. Pack quantity: as listed.,piece,110.0,20,104.5,D-2159,19,D-2159_AIR_4_STEP.jpg
EV-REG-010,Fan Regulators,5 Step,5 Step. Trade electrical accessory for wholesale and professional purchase. Pack quantity: as listed.,piece,130.0,10,123.5,D-2160,19,D-2160_AIR_5_STEP.jpg
EV-REG-011,Fan Regulators,4 Step,4 Step. Trade electrical accessory for wholesale and professional purchase. Pack quantity: as listed.,piece,120.0,20,114.0,D-2161,19,D-2161_MYLINC_4_STEP.jpg
EV-REG-012,Fan Regulators,5 Step,5 Step. Trade electrical accessory for wholesale and professional purchase. Pack quantity: as listed.,piece,130.0,10,123.5,D-2162,19,D-2162_MYLINC_5_STEP.jpg
EV-REG-013,Fan Regulators,Regulator,Regulator. Trade electrical accessory for wholesale and professional purchase. Pack quantity: as listed.,piece,100.0,10,95.0,D-2171,19,D-2171_SURFACE_REGULATOR.jpg
EV-REG-014,Fan Regulators,Surface Fan Regulator,Surface Fan Regulator. Trade electrical accessory for wholesale and professional purchase. Pack quantity: as listed.,piece,110.0,10,104.5,D-2172,19,D-2172_SURFACE_SHINE.jpg
EV-REG-015,Fan Regulators,Surface Fan Regulator,Surface Fan Regulator. Trade electrical accessory for wholesale and professional purchase. Pack quantity: as listed.,piece,100.0,10,95.0,D-2173,19,D-2173_FANCY_SURFACE.jpg
EV-REG-016,Fan Regulators,Red,Red. Trade electrical accessory for wholesale and professional purchase. Pack quantity: as listed.,piece,100.0,10,95.0,D-2174,19,D-2174_SURFACE_RED.jpg
EV-CON-009,Connectors,1.5 mm Copper Tube Terminal,1.5 mm Copper Tube Terminal for electrical termination and connection work. Individual trade SKU created from the supplied catalogue size table.,piece,5.0,1,4.75,D-2101,17,D-2101.jpg
EV-CON-010,Connectors,1.5 mm Ring Terminal,1.5 mm Ring Terminal for electrical termination and connection work. Individual trade SKU created from the supplied catalogue size table.,piece,2.68,1,2.55,D-2101,17,D-2101.jpg
EV-CON-011,Connectors,1.5 mm Fork Terminal,1.5 mm Fork Terminal for electrical termination and connection work. Individual trade SKU created from the supplied catalogue size table.,piece,2.32,1,2.2,D-2101,17,D-2101.jpg
EV-CON-012,Connectors,1.5 mm Pin Terminal,1.5 mm Pin Terminal for electrical termination and connection work. Individual trade SKU created from the supplied catalogue size table.,piece,2.56,1,2.43,D-2101,17,D-2101.jpg
EV-CON-013,Connectors,2.5 mm Copper Tube Terminal,2.5 mm Copper Tube Terminal for electrical termination and connection work. Individual trade SKU created from the supplied catalogue size table.,piece,6.5,1,6.17,D-2101,17,D-2101.jpg
EV-CON-014,Connectors,2.5 mm Ring Terminal,2.5 mm Ring Terminal for electrical termination and connection work. Individual trade SKU created from the supplied catalogue size table.,piece,3.0,1,2.85,D-2101,17,D-2101.jpg
EV-CON-015,Connectors,2.5 mm Fork Terminal,2.5 mm Fork Terminal for electrical termination and connection work. Individual trade SKU created from the supplied catalogue size table.,piece,2.64,1,2.51,D-2101,17,D-2101.jpg
EV-CON-016,Connectors,2.5 mm Pin Terminal,2.5 mm Pin Terminal for electrical termination and connection work. Individual trade SKU created from the supplied catalogue size table.,piece,3.0,1,2.85,D-2101,17,D-2101.jpg
EV-CON-017,Connectors,4 mm Copper Tube Terminal,4 mm Copper Tube Terminal for electrical termination and connection work. Individual trade SKU created from the supplied catalogue size table.,piece,9.5,1,9.03,D-2101,17,D-2101.jpg
EV-CON-018,Connectors,4 mm Aluminum Tube Terminal,4 mm Aluminum Tube Terminal for electrical termination and connection work. Individual trade SKU created from the supplied catalogue size table.,piece,3.2,1,3.04,D-2101,17,D-2101.jpg
EV-CON-019,Connectors,4 mm Ring Terminal,4 mm Ring Terminal for electrical termination and connection work. Individual trade SKU created from the supplied catalogue size table.,piece,6.4,1,6.08,D-2101,17,D-2101.jpg
EV-CON-020,Connectors,4 mm Fork Terminal,4 mm Fork Terminal for electrical termination and connection work. Individual trade SKU created from the supplied catalogue size table.,piece,4.36,1,4.14,D-2101,17,D-2101.jpg
EV-CON-021,Connectors,4 mm Pin Terminal,4 mm Pin Terminal for electrical termination and connection work. Individual trade SKU created from the supplied catalogue size table.,piece,5.04,1,4.79,D-2101,17,D-2101.jpg
EV-CON-022,Connectors,6 mm Copper Tube Terminal,6 mm Copper Tube Terminal for electrical termination and connection work. Individual trade SKU created from the supplied catalogue size table.,piece,10.5,1,9.97,D-2101,17,D-2101.jpg
EV-CON-023,Connectors,6 mm Aluminum Tube Terminal,6 mm Aluminum Tube Terminal for electrical termination and connection work. Individual trade SKU created from the supplied catalogue size table.,piece,3.4,1,3.23,D-2101,17,D-2101.jpg
EV-CON-024,Connectors,6 mm Ring Terminal,6 mm Ring Terminal for electrical termination and connection work. Individual trade SKU created from the supplied catalogue size table.,piece,6.4,1,6.08,D-2101,17,D-2101.jpg
EV-CON-025,Connectors,6 mm Pin Terminal,6 mm Pin Terminal for electrical termination and connection work. Individual trade SKU created from the supplied catalogue size table.,piece,5.6,1,5.32,D-2101,17,D-2101.jpg
EV-CON-026,Connectors,6 mm Copper Reducer,6 mm Copper Reducer for electrical termination and connection work. Individual trade SKU created from the supplied catalogue size table.,piece,22.0,1,20.9,D-2101,17,D-2101.jpg
EV-CON-027,Connectors,6 mm Aluminum Reducer,6 mm Aluminum Reducer for electrical termination and connection work. Individual trade SKU created from the supplied catalogue size table.,piece,5.0,1,4.75,D-2101,17,D-2101.jpg
EV-CON-028,Connectors,10 mm Copper Tube Terminal,10 mm Copper Tube Terminal for electrical termination and connection work. Individual trade SKU created from the supplied catalogue size table.,piece,14.0,1,13.3,D-2101,17,D-2101.jpg
EV-CON-029,Connectors,10 mm Aluminum Tube Terminal,10 mm Aluminum Tube Terminal for electrical termination and connection work. Individual trade SKU created from the supplied catalogue size table.,piece,4.0,1,3.8,D-2101,17,D-2101.jpg
EV-CON-030,Connectors,10 mm Ring Terminal,10 mm Ring Terminal for electrical termination and connection work. Individual trade SKU created from the supplied catalogue size table.,piece,12.0,1,11.4,D-2101,17,D-2101.jpg
EV-CON-031,Connectors,10 mm Pin Terminal,10 mm Pin Terminal for electrical termination and connection work. Individual trade SKU created from the supplied catalogue size table.,piece,9.2,1,8.74,D-2101,17,D-2101.jpg
EV-CON-032,Connectors,10 mm Copper Reducer,10 mm Copper Reducer for electrical termination and connection work. Individual trade SKU created from the supplied catalogue size table.,piece,28.0,1,26.6,D-2101,17,D-2101.jpg
EV-CON-033,Connectors,10 mm Aluminum Reducer,10 mm Aluminum Reducer for electrical termination and connection work. Individual trade SKU created from the supplied catalogue size table.,piece,9.0,1,8.55,D-2101,17,D-2101.jpg
EV-CON-034,Connectors,16 mm Copper Tube Terminal,16 mm Copper Tube Terminal for electrical termination and connection work. Individual trade SKU created from the supplied catalogue size table.,piece,24.0,1,22.8,D-2101,17,D-2101.jpg
EV-CON-035,Connectors,16 mm Aluminum Tube Terminal,16 mm Aluminum Tube Terminal for electrical termination and connection work. Individual trade SKU created from the supplied catalogue size table.,piece,5.0,1,4.75,D-2101,17,D-2101.jpg
EV-CON-036,Connectors,16 mm Ring Terminal,16 mm Ring Terminal for electrical termination and connection work. Individual trade SKU created from the supplied catalogue size table.,piece,16.8,1,15.96,D-2101,17,D-2101.jpg
EV-CON-037,Connectors,16 mm Pin Terminal,16 mm Pin Terminal for electrical termination and connection work. Individual trade SKU created from the supplied catalogue size table.,piece,14.0,1,13.3,D-2101,17,D-2101.jpg
EV-CON-038,Connectors,16 mm Copper Reducer,16 mm Copper Reducer for electrical termination and connection work. Individual trade SKU created from the supplied catalogue size table.,piece,36.0,1,34.2,D-2101,17,D-2101.jpg
EV-CON-039,Connectors,16 mm Aluminum Reducer,16 mm Aluminum Reducer for electrical termination and connection work. Individual trade SKU created from the supplied catalogue size table.,piece,10.0,1,9.5,D-2101,17,D-2101.jpg
EV-CON-040,Connectors,25 mm Copper Tube Terminal,25 mm Copper Tube Terminal for electrical termination and connection work. Individual trade SKU created from the supplied catalogue size table.,piece,35.0,1,33.25,D-2101,17,D-2101.jpg
EV-CON-041,Connectors,25 mm Aluminum Tube Terminal,25 mm Aluminum Tube Terminal for electrical termination and connection work. Individual trade SKU created from the supplied catalogue size table.,piece,7.2,1,6.84,D-2101,17,D-2101.jpg
EV-CON-042,Connectors,25 mm Ring Terminal,25 mm Ring Terminal for electrical termination and connection work. Individual trade SKU created from the supplied catalogue size table.,piece,28.0,1,26.6,D-2101,17,D-2101.jpg
EV-CON-043,Connectors,25 mm Pin Terminal,25 mm Pin Terminal for electrical termination and connection work. Individual trade SKU created from the supplied catalogue size table.,piece,32.0,1,30.4,D-2101,17,D-2101.jpg
EV-CON-044,Connectors,25 mm Copper Reducer,25 mm Copper Reducer for electrical termination and connection work. Individual trade SKU created from the supplied catalogue size table.,piece,66.0,1,62.7,D-2101,17,D-2101.jpg
EV-CON-045,Connectors,25 mm Aluminum Reducer,25 mm Aluminum Reducer for electrical termination and connection work. Individual trade SKU created from the supplied catalogue size table.,piece,16.0,1,15.2,D-2101,17,D-2101.jpg
EV-CON-046,Connectors,35 mm Copper Tube Terminal,35 mm Copper Tube Terminal for electrical termination and connection work. Individual trade SKU created from the supplied catalogue size table.,piece,50.0,1,47.5,D-2101,17,D-2101.jpg
EV-CON-047,Connectors,35 mm Aluminum Tube Terminal,35 mm Aluminum Tube Terminal for electrical termination and connection work. Individual trade SKU created from the supplied catalogue size table.,piece,7.6,1,7.22,D-2101,17,D-2101.jpg
EV-CON-048,Connectors,35 mm Ring Terminal,35 mm Ring Terminal for electrical termination and connection work. Individual trade SKU created from the supplied catalogue size table.,piece,34.7,1,32.97,D-2101,17,D-2101.jpg
EV-CON-049,Connectors,35 mm Pin Terminal,35 mm Pin Terminal for electrical termination and connection work. Individual trade SKU created from the supplied catalogue size table.,piece,37.2,1,35.34,D-2101,17,D-2101.jpg
EV-CON-050,Connectors,35 mm Copper Reducer,35 mm Copper Reducer for electrical termination and connection work. Individual trade SKU created from the supplied catalogue size table.,piece,100.0,1,95.0,D-2101,17,D-2101.jpg
EV-CON-051,Connectors,35 mm Aluminum Reducer,35 mm Aluminum Reducer for electrical termination and connection work. Individual trade SKU created from the supplied catalogue size table.,piece,20.0,1,19.0,D-2101,17,D-2101.jpg
EV-CON-052,Connectors,50 mm Copper Tube Terminal,50 mm Copper Tube Terminal for electrical termination and connection work. Individual trade SKU created from the supplied catalogue size table.,piece,90.0,1,85.5,D-2101,17,D-2101.jpg
EV-CON-053,Connectors,50 mm Aluminum Tube Terminal,50 mm Aluminum Tube Terminal for electrical termination and connection work. Individual trade SKU created from the supplied catalogue size table.,piece,11.4,1,10.83,D-2101,17,D-2101.jpg
EV-CON-054,Connectors,50 mm Ring Terminal,50 mm Ring Terminal for electrical termination and connection work. Individual trade SKU created from the supplied catalogue size table.,piece,55.2,1,52.44,D-2101,17,D-2101.jpg
EV-CON-055,Connectors,50 mm Pin Terminal,50 mm Pin Terminal for electrical termination and connection work. Individual trade SKU created from the supplied catalogue size table.,piece,58.0,1,55.1,D-2101,17,D-2101.jpg
EV-CON-056,Connectors,50 mm Copper Reducer,50 mm Copper Reducer for electrical termination and connection work. Individual trade SKU created from the supplied catalogue size table.,piece,120.0,1,114.0,D-2101,17,D-2101.jpg
EV-CON-057,Connectors,50 mm Aluminum Reducer,50 mm Aluminum Reducer for electrical termination and connection work. Individual trade SKU created from the supplied catalogue size table.,piece,26.0,1,24.7,D-2101,17,D-2101.jpg
EV-CON-058,Connectors,70 mm Copper Tube Terminal,70 mm Copper Tube Terminal for electrical termination and connection work. Individual trade SKU created from the supplied catalogue size table.,piece,125.0,1,118.75,D-2101,17,D-2101.jpg
EV-CON-059,Connectors,70 mm Aluminum Tube Terminal,70 mm Aluminum Tube Terminal for electrical termination and connection work. Individual trade SKU created from the supplied catalogue size table.,piece,15.0,1,14.25,D-2101,17,D-2101.jpg
EV-CON-060,Connectors,70 mm Ring Terminal,70 mm Ring Terminal for electrical termination and connection work. Individual trade SKU created from the supplied catalogue size table.,piece,78.0,1,74.1,D-2101,17,D-2101.jpg
EV-CON-061,Connectors,70 mm Pin Terminal,70 mm Pin Terminal for electrical termination and connection work. Individual trade SKU created from the supplied catalogue size table.,piece,78.8,1,74.86,D-2101,17,D-2101.jpg
EV-CON-062,Connectors,70 mm Copper Reducer,70 mm Copper Reducer for electrical termination and connection work. Individual trade SKU created from the supplied catalogue size table.,piece,200.0,1,190.0,D-2101,17,D-2101.jpg
EV-CON-063,Connectors,70 mm Aluminum Reducer,70 mm Aluminum Reducer for electrical termination and connection work. Individual trade SKU created from the supplied catalogue size table.,piece,40.0,1,38.0,D-2101,17,D-2101.jpg
EV-CON-064,Connectors,95 mm Copper Tube Terminal,95 mm Copper Tube Terminal for electrical termination and connection work. Individual trade SKU created from the supplied catalogue size table.,piece,140.0,1,133.0,D-2101,17,D-2101.jpg
EV-CON-065,Connectors,95 mm Aluminum Tube Terminal,95 mm Aluminum Tube Terminal for electrical termination and connection work. Individual trade SKU created from the supplied catalogue size table.,piece,16.7,1,15.86,D-2101,17,D-2101.jpg
EV-CON-066,Connectors,95 mm Ring Terminal,95 mm Ring Terminal for electrical termination and connection work. Individual trade SKU created from the supplied catalogue size table.,piece,148.0,1,140.6,D-2101,17,D-2101.jpg
EV-CON-067,Connectors,95 mm Pin Terminal,95 mm Pin Terminal for electrical termination and connection work. Individual trade SKU created from the supplied catalogue size table.,piece,103.0,1,97.85,D-2101,17,D-2101.jpg
EV-CON-068,Connectors,95 mm Copper Reducer,95 mm Copper Reducer for electrical termination and connection work. Individual trade SKU created from the supplied catalogue size table.,piece,220.0,1,209.0,D-2101,17,D-2101.jpg
EV-CON-069,Connectors,95 mm Aluminum Reducer,95 mm Aluminum Reducer for electrical termination and connection work. Individual trade SKU created from the supplied catalogue size table.,piece,52.0,1,49.4,D-2101,17,D-2101.jpg
EV-CON-070,Connectors,120 mm Copper Tube Terminal,120 mm Copper Tube Terminal for electrical termination and connection work. Individual trade SKU created from the supplied catalogue size table.,piece,190.0,1,180.5,D-2101,17,D-2101.jpg
EV-CON-071,Connectors,120 mm Aluminum Tube Terminal,120 mm Aluminum Tube Terminal for electrical termination and connection work. Individual trade SKU created from the supplied catalogue size table.,piece,22.0,1,20.9,D-2101,17,D-2101.jpg
EV-CON-072,Connectors,120 mm Ring Terminal,120 mm Ring Terminal for electrical termination and connection work. Individual trade SKU created from the supplied catalogue size table.,piece,155.6,1,147.82,D-2101,17,D-2101.jpg
EV-CON-073,Connectors,120 mm Copper Reducer,120 mm Copper Reducer for electrical termination and connection work. Individual trade SKU created from the supplied catalogue size table.,piece,280.0,1,266.0,D-2101,17,D-2101.jpg
EV-CON-074,Connectors,120 mm Aluminum Reducer,120 mm Aluminum Reducer for electrical termination and connection work. Individual trade SKU created from the supplied catalogue size table.,piece,68.0,1,64.6,D-2101,17,D-2101.jpg
EV-CON-075,Connectors,150 mm Copper Tube Terminal,150 mm Copper Tube Terminal for electrical termination and connection work. Individual trade SKU created from the supplied catalogue size table.,piece,280.0,1,266.0,D-2101,17,D-2101.jpg
EV-CON-076,Connectors,150 mm Aluminum Tube Terminal,150 mm Aluminum Tube Terminal for electrical termination and connection work. Individual trade SKU created from the supplied catalogue size table.,piece,30.8,1,29.26,D-2101,17,D-2101.jpg
EV-CON-077,Connectors,150 mm Ring Terminal,150 mm Ring Terminal for electrical termination and connection work. Individual trade SKU created from the supplied catalogue size table.,piece,260.0,1,247.0,D-2101,17,D-2101.jpg
EV-CON-078,Connectors,185 mm Copper Tube Terminal,185 mm Copper Tube Terminal for electrical termination and connection work. Individual trade SKU created from the supplied catalogue size table.,piece,360.0,1,342.0,D-2101,17,D-2101.jpg
EV-CON-079,Connectors,185 mm Aluminum Tube Terminal,185 mm Aluminum Tube Terminal for electrical termination and connection work. Individual trade SKU created from the supplied catalogue size table.,piece,37.0,1,35.15,D-2101,17,D-2101.jpg
EV-CON-080,Connectors,225 mm Copper Tube Terminal,225 mm Copper Tube Terminal for electrical termination and connection work. Individual trade SKU created from the supplied catalogue size table.,piece,430.0,1,408.5,D-2101,17,D-2101.jpg
EV-CON-081,Connectors,240 mm Copper Tube Terminal,240 mm Copper Tube Terminal for electrical termination and connection work. Individual trade SKU created from the supplied catalogue size table.,piece,520.0,1,494.0,D-2101,17,D-2101.jpg
EV-CBM-002,Cable Management,Eco Cable Tie 100/1.8 mm,"Eco cable tie, size 100/1.8 mm, bulk trade pack. Source catalogue states rate per 100 pieces and package quantity 1000 for these variants.",piece,17.0,1000,16.15,D-2111,17,D-2111_Cable_Ties_ECO_HEAVY_SUPER_HEAVY.jpg
EV-CBM-003,Cable Management,Eco Cable Tie 150/1.9 mm,"Eco cable tie, size 150/1.9 mm, bulk trade pack. Source catalogue states rate per 100 pieces and package quantity 1000 for these variants.",piece,26.0,1000,24.7,D-2111,17,D-2111_Cable_Ties_ECO_HEAVY_SUPER_HEAVY.jpg
EV-CBM-004,Cable Management,Eco Cable Tie 200/2.0 mm,"Eco cable tie, size 200/2.0 mm, bulk trade pack. Source catalogue states rate per 100 pieces and package quantity 1000 for these variants.",piece,36.5,1000,34.67,D-2111,17,D-2111_Cable_Ties_ECO_HEAVY_SUPER_HEAVY.jpg
EV-CBM-005,Cable Management,Eco Cable Tie 250/2.7 mm,"Eco cable tie, size 250/2.7 mm, bulk trade pack. Source catalogue states rate per 100 pieces and package quantity 1000 for these variants.",piece,64.0,1000,60.8,D-2111,17,D-2111_Cable_Ties_ECO_HEAVY_SUPER_HEAVY.jpg
EV-CBM-006,Cable Management,Eco Cable Tie 300/2.7 mm,"Eco cable tie, size 300/2.7 mm, bulk trade pack. Source catalogue states rate per 100 pieces and package quantity 1000 for these variants.",piece,86.0,1000,81.7,D-2111,17,D-2111_Cable_Ties_ECO_HEAVY_SUPER_HEAVY.jpg
EV-CBM-007,Cable Management,Heavy Cable Tie 100/2.5 mm,"Heavy cable tie, size 100/2.5 mm, bulk trade pack. Source catalogue states rate per 100 pieces and package quantity 1000 for these variants.",piece,26.0,1000,24.7,D-2111,17,D-2111_Cable_Ties_ECO_HEAVY_SUPER_HEAVY.jpg
EV-CBM-008,Cable Management,Heavy Cable Tie 150/2.5 mm,"Heavy cable tie, size 150/2.5 mm, bulk trade pack. Source catalogue states rate per 100 pieces and package quantity 1000 for these variants.",piece,38.5,1000,36.57,D-2111,17,D-2111_Cable_Ties_ECO_HEAVY_SUPER_HEAVY.jpg
EV-CBM-009,Cable Management,Heavy Cable Tie 200/2.5 mm,"Heavy cable tie, size 200/2.5 mm, bulk trade pack. Source catalogue states rate per 100 pieces and package quantity 1000 for these variants.",piece,52.0,1000,49.4,D-2111,17,D-2111_Cable_Ties_ECO_HEAVY_SUPER_HEAVY.jpg
EV-CBM-010,Cable Management,Heavy Cable Tie 250/3.6 mm,"Heavy cable tie, size 250/3.6 mm, bulk trade pack. Source catalogue states rate per 100 pieces and package quantity 1000 for these variants.",piece,106.0,1000,100.7,D-2111,17,D-2111_Cable_Ties_ECO_HEAVY_SUPER_HEAVY.jpg
EV-CBM-011,Cable Management,Heavy Cable Tie 300/3.6 mm,"Heavy cable tie, size 300/3.6 mm, bulk trade pack. Source catalogue states rate per 100 pieces and package quantity 1000 for these variants.",piece,130.5,1000,123.97,D-2111,17,D-2111_Cable_Ties_ECO_HEAVY_SUPER_HEAVY.jpg
EV-CBM-012,Cable Management,Heavy Cable Tie 350/3.6 mm,"Heavy cable tie, size 350/3.6 mm, bulk trade pack. Source catalogue states rate per 100 pieces and package quantity 1000 for these variants.",piece,179.0,1000,170.05,D-2111,17,D-2111_Cable_Ties_ECO_HEAVY_SUPER_HEAVY.jpg
EV-CBM-013,Cable Management,Heavy Cable Tie 400/3.6 mm,"Heavy cable tie, size 400/3.6 mm, bulk trade pack. Source catalogue states rate per 100 pieces and package quantity 1000 for these variants.",piece,190.5,1000,180.97,D-2111,17,D-2111_Cable_Ties_ECO_HEAVY_SUPER_HEAVY.jpg
EV-CBM-014,Cable Management,Super Heavy Cable Tie 100/3.6 mm,"Super Heavy cable tie, size 100/3.6 mm, bulk trade pack. Source catalogue states rate per 100 pieces and package quantity 1000 for these variants.",piece,45.0,1000,42.75,D-2111,17,D-2111_Cable_Ties_ECO_HEAVY_SUPER_HEAVY.jpg
EV-CBM-015,Cable Management,Super Heavy Cable Tie 150/3.6 mm,"Super Heavy cable tie, size 150/3.6 mm, bulk trade pack. Source catalogue states rate per 100 pieces and package quantity 1000 for these variants.",piece,53.0,1000,50.35,D-2111,17,D-2111_Cable_Ties_ECO_HEAVY_SUPER_HEAVY.jpg
EV-CBM-016,Cable Management,Super Heavy Cable Tie 200/3.6 mm,"Super Heavy cable tie, size 200/3.6 mm, bulk trade pack. Source catalogue states rate per 100 pieces and package quantity 1000 for these variants.",piece,64.0,1000,60.8,D-2111,17,D-2111_Cable_Ties_ECO_HEAVY_SUPER_HEAVY.jpg
EV-CBM-017,Cable Management,Super Heavy Cable Tie 250/4.8 mm,"Super Heavy cable tie, size 250/4.8 mm, bulk trade pack. Source catalogue states rate per 100 pieces and package quantity 1000 for these variants.",piece,125.0,1000,118.75,D-2111,17,D-2111_Cable_Ties_ECO_HEAVY_SUPER_HEAVY.jpg
EV-CBM-018,Cable Management,Super Heavy Cable Tie 300/4.8 mm,"Super Heavy cable tie, size 300/4.8 mm, bulk trade pack. Source catalogue states rate per 100 pieces and package quantity 1000 for these variants.",piece,220.0,1000,209.0,D-2111,17,D-2111_Cable_Ties_ECO_HEAVY_SUPER_HEAVY.jpg
EV-CBM-019,Cable Management,Super Heavy Cable Tie 350/4.8 mm,"Super Heavy cable tie, size 350/4.8 mm, bulk trade pack. Source catalogue states rate per 100 pieces and package quantity 1000 for these variants.",piece,270.0,1000,256.5,D-2111,17,D-2111_Cable_Ties_ECO_HEAVY_SUPER_HEAVY.jpg
EV-CBM-020,Cable Management,Super Heavy Cable Tie 400/4.8 mm,"Super Heavy cable tie, size 400/4.8 mm, bulk trade pack. Source catalogue states rate per 100 pieces and package quantity 1000 for these variants.",piece,298.0,1000,283.1,D-2111,17,D-2111_Cable_Ties_ECO_HEAVY_SUPER_HEAVY.jpg
EV-CBM-021,Cable Management,Super Heavy Cable Tie 450/4.8 mm,"Super Heavy cable tie, size 450/4.8 mm, bulk trade pack. Source catalogue states rate per 100 pieces and package quantity 1000 for these variants.",piece,324.0,1000,307.8,D-2111,17,D-2111_Cable_Ties_ECO_HEAVY_SUPER_HEAVY.jpg
EV-CBM-022,Cable Management,Super Heavy Cable Tie 500/4.8 mm,"Super Heavy cable tie, size 500/4.8 mm, bulk trade pack. Source catalogue states rate per 100 pieces and package quantity 1000 for these variants.",piece,378.0,1000,359.1,D-2111,17,D-2111_Cable_Ties_ECO_HEAVY_SUPER_HEAVY.jpg
EV-CBM-023,Cable Management,Nail Clip 4MM,Nail Clip 4MM for securing electrical cable runs. Source catalogue package quantity: 200.,piece,64.0,200,60.8,D-2121,18,D-2121_Nail_Clip_4MM_25MM.jpg
EV-CBM-024,Cable Management,Nail Clip 5MM,Nail Clip 5MM for securing electrical cable runs. Source catalogue package quantity: 100.,piece,45.0,100,42.75,D-2121,18,D-2121_Nail_Clip_4MM_25MM.jpg
EV-CBM-025,Cable Management,Nail Clip 6MM,Nail Clip 6MM for securing electrical cable runs. Source catalogue package quantity: 100.,piece,49.0,100,46.55,D-2121,18,D-2121_Nail_Clip_4MM_25MM.jpg
EV-CBM-026,Cable Management,Nail Clip 7MM,Nail Clip 7MM for securing electrical cable runs. Source catalogue package quantity: 100.,piece,54.0,100,51.3,D-2121,18,D-2121_Nail_Clip_4MM_25MM.jpg
EV-CBM-027,Cable Management,Nail Clip 8MM,Nail Clip 8MM for securing electrical cable runs. Source catalogue package quantity: 100.,piece,60.0,100,57.0,D-2121,18,D-2121_Nail_Clip_4MM_25MM.jpg
EV-CBM-028,Cable Management,Nail Clip 9MM,Nail Clip 9MM for securing electrical cable runs. Source catalogue package quantity: 100.,piece,82.0,100,77.9,D-2121,18,D-2121_Nail_Clip_4MM_25MM.jpg
EV-CBM-029,Cable Management,Nail Clip 10MM,Nail Clip 10MM for securing electrical cable runs. Source catalogue package quantity: 100.,piece,86.0,100,81.7,D-2121,18,D-2121_Nail_Clip_4MM_25MM.jpg
EV-CBM-030,Cable Management,Nail Clip 12MM,Nail Clip 12MM for securing electrical cable runs. Source catalogue package quantity: 100.,piece,98.0,100,93.1,D-2121,18,D-2121_Nail_Clip_4MM_25MM.jpg
EV-CBM-031,Cable Management,Nail Clip 14MM,Nail Clip 14MM for securing electrical cable runs. Source catalogue package quantity: 100.,piece,130.0,100,123.5,D-2121,18,D-2121_Nail_Clip_4MM_25MM.jpg
EV-CBM-032,Cable Management,Nail Clip 16MM,Nail Clip 16MM for securing electrical cable runs. Source catalogue package quantity: 100.,piece,140.0,100,133.0,D-2121,18,D-2121_Nail_Clip_4MM_25MM.jpg
EV-CBM-033,Cable Management,Nail Clip 20MM,Nail Clip 20MM for securing electrical cable runs. Source catalogue package quantity: 100.,piece,150.0,100,142.5,D-2121,18,D-2121_Nail_Clip_4MM_25MM.jpg
EV-CBM-034,Cable Management,Nail Clip 25MM,Nail Clip 25MM for securing electrical cable runs. Source catalogue package quantity: 100.,piece,220.0,100,209.0,D-2121,18,D-2121_Nail_Clip_4MM_25MM.jpg
EV-CBM-035,Cable Management,Double Nail Clip 20MM,Double Nail Clip 20MM for securing electrical cable runs. Source catalogue package quantity: 100.,piece,240.0,100,228.0,D-2121,18,D-2121_Nail_Clip_4MM_25MM.jpg
EV-CBM-036,Cable Management,Wire Sleeve 3MM,"Protective wire sleeve, 3MM diameter, supplied as a 30M roll per the source catalogue.",roll,110.0,30M roll,104.5,D-2131,18,D-2131_Wire_Sleeve_3MM_25MM.jpg
EV-CBM-037,Cable Management,Wire Sleeve 3.5MM,"Protective wire sleeve, 3.5MM diameter, supplied as a 30M roll per the source catalogue.",roll,120.0,30M roll,114.0,D-2131,18,D-2131_Wire_Sleeve_3MM_25MM.jpg
EV-CBM-038,Cable Management,Wire Sleeve 4MM,"Protective wire sleeve, 4MM diameter, supplied as a 30M roll per the source catalogue.",roll,132.0,30M roll,125.4,D-2131,18,D-2131_Wire_Sleeve_3MM_25MM.jpg
EV-CBM-039,Cable Management,Wire Sleeve 5MM,"Protective wire sleeve, 5MM diameter, supplied as a 30M roll per the source catalogue.",roll,162.0,30M roll,153.9,D-2131,18,D-2131_Wire_Sleeve_3MM_25MM.jpg
EV-CBM-040,Cable Management,Wire Sleeve 6MM,"Protective wire sleeve, 6MM diameter, supplied as a 30M roll per the source catalogue.",roll,204.0,30M roll,193.8,D-2131,18,D-2131_Wire_Sleeve_3MM_25MM.jpg
EV-CBM-041,Cable Management,Wire Sleeve 7MM,"Protective wire sleeve, 7MM diameter, supplied as a 30M roll per the source catalogue.",roll,288.0,30M roll,273.6,D-2131,18,D-2131_Wire_Sleeve_3MM_25MM.jpg
EV-CBM-042,Cable Management,Wire Sleeve 8MM,"Protective wire sleeve, 8MM diameter, supplied as a 30M roll per the source catalogue.",roll,336.0,30M roll,319.2,D-2131,18,D-2131_Wire_Sleeve_3MM_25MM.jpg
EV-CBM-043,Cable Management,Wire Sleeve 9MM,"Protective wire sleeve, 9MM diameter, supplied as a 30M roll per the source catalogue.",roll,402.0,30M roll,381.9,D-2131,18,D-2131_Wire_Sleeve_3MM_25MM.jpg
EV-CBM-044,Cable Management,Wire Sleeve 10MM,"Protective wire sleeve, 10MM diameter, supplied as a 30M roll per the source catalogue.",roll,450.0,30M roll,427.5,D-2131,18,D-2131_Wire_Sleeve_3MM_25MM.jpg
EV-CBM-045,Cable Management,Wire Sleeve 11MM,"Protective wire sleeve, 11MM diameter, supplied as a 30M roll per the source catalogue.",roll,540.0,30M roll,513.0,D-2131,18,D-2131_Wire_Sleeve_3MM_25MM.jpg
EV-CBM-046,Cable Management,Wire Sleeve 12MM,"Protective wire sleeve, 12MM diameter, supplied as a 30M roll per the source catalogue.",roll,594.0,30M roll,564.3,D-2131,18,D-2131_Wire_Sleeve_3MM_25MM.jpg
EV-CBM-047,Cable Management,Wire Sleeve 13MM,"Protective wire sleeve, 13MM diameter, supplied as a 30M roll per the source catalogue.",roll,670.0,30M roll,636.5,D-2131,18,D-2131_Wire_Sleeve_3MM_25MM.jpg
EV-CBM-048,Cable Management,Wire Sleeve 14MM,"Protective wire sleeve, 14MM diameter, supplied as a 30M roll per the source catalogue.",roll,774.0,30M roll,735.3,D-2131,18,D-2131_Wire_Sleeve_3MM_25MM.jpg
EV-CBM-049,Cable Management,Wire Sleeve 15MM,"Protective wire sleeve, 15MM diameter, supplied as a 30M roll per the source catalogue.",roll,846.0,30M roll,803.7,D-2131,18,D-2131_Wire_Sleeve_3MM_25MM.jpg
EV-CBM-050,Cable Management,Wire Sleeve 16MM,"Protective wire sleeve, 16MM diameter, supplied as a 30M roll per the source catalogue.",roll,882.0,30M roll,837.9,D-2131,18,D-2131_Wire_Sleeve_3MM_25MM.jpg
EV-CBM-051,Cable Management,Wire Sleeve 18MM,"Protective wire sleeve, 18MM diameter, supplied as a 30M roll per the source catalogue.",roll,1008.0,30M roll,957.6,D-2131,18,D-2131_Wire_Sleeve_3MM_25MM.jpg
EV-CBM-052,Cable Management,Wire Sleeve 20MM,"Protective wire sleeve, 20MM diameter, supplied as a 30M roll per the source catalogue.",roll,1104.0,30M roll,1048.8,D-2131,18,D-2131_Wire_Sleeve_3MM_25MM.jpg
EV-CBM-053,Cable Management,Wire Sleeve 22MM,"Protective wire sleeve, 22MM diameter, supplied as a 30M roll per the source catalogue.",roll,1206.0,30M roll,1145.7,D-2131,18,D-2131_Wire_Sleeve_3MM_25MM.jpg
EV-CBM-054,Cable Management,Wire Sleeve 24MM,"Protective wire sleeve, 24MM diameter, supplied as a 30M roll per the source catalogue.",roll,1326.0,30M roll,1259.7,D-2131,18,D-2131_Wire_Sleeve_3MM_25MM.jpg
EV-CBM-055,Cable Management,Wire Sleeve 25MM,"Protective wire sleeve, 25MM diameter, supplied as a 30M roll per the source catalogue.",roll,1584.0,30M roll,1504.8,D-2131,18,D-2131_Wire_Sleeve_3MM_25MM.jpg
EV-CBM-056,Cable Management,Wall Plug 25 x 8 mm,"Wall Plug 25 x 8 mm, listed in the supplied January 2026 catalogue.",piece,9.5,50 pcs,9.03,WALL PLUG,16,
EV-CBM-057,Cable Management,Wall Plug 25 x 10 mm,"Wall Plug 25 x 10 mm, listed in the supplied January 2026 catalogue.",piece,15,50 pcs,14.25,WALL PLUG,16,
EV-CBM-058,Cable Management,Wall Plug 35 x 8 mm,"Wall Plug 35 x 8 mm, listed in the supplied January 2026 catalogue.",piece,12,50 pcs,11.4,WALL PLUG,16,
EV-CBM-059,Cable Management,Wall Plug 35 x 10 mm,"Wall Plug 35 x 10 mm, listed in the supplied January 2026 catalogue.",piece,20,50 pcs,19.0,WALL PLUG,16,
EV-CBM-060,Cable Management,Dry Wall Screw 19 x 6 mm,"Dry Wall Screw 19 x 6 mm, listed in the supplied January 2026 catalogue.",piece,0.38,1000 pcs,0.36,DRY WALL SCREW,16,
EV-CBM-061,Cable Management,Dry Wall Screw 25 x 6 mm,"Dry Wall Screw 25 x 6 mm, listed in the supplied January 2026 catalogue.",piece,0.46,1000 pcs,0.44,DRY WALL SCREW,16,
EV-CBM-062,Cable Management,Dry Wall Screw 32 x 6 mm,"Dry Wall Screw 32 x 6 mm, listed in the supplied January 2026 catalogue.",piece,0.6,500 pcs,0.57,DRY WALL SCREW,16,
EV-CBM-063,Cable Management,Dry Wall Screw 38 x 6 mm,"Dry Wall Screw 38 x 6 mm, listed in the supplied January 2026 catalogue.",piece,0.8,500 pcs,0.76,DRY WALL SCREW,16,
EV-CBM-064,Cable Management,Dry Wall Screw 50 x 6 mm,"Dry Wall Screw 50 x 6 mm, listed in the supplied January 2026 catalogue.",piece,0.92,500 pcs,0.87,DRY WALL SCREW,16,
EV-CBM-065,Cable Management,Dry Wall Screw 60 x 6 mm,"Dry Wall Screw 60 x 6 mm, listed in the supplied January 2026 catalogue.",piece,1.1,500 pcs,1.04,DRY WALL SCREW,16,
EV-CBM-066,Cable Management,Dry Wall Screw 75 x 6 mm,"Dry Wall Screw 75 x 6 mm, listed in the supplied January 2026 catalogue.",piece,1.28,500 pcs,1.22,DRY WALL SCREW,16,
